"Model","Scenario","Catchment","Period","Pct_Q95","Pct_BFI"
"CM1.ssp1","ssp1",6013,"2080s",1.00014252259767,1.88071189883264
"CM2.ssp1","ssp1",6013,"2080s",1.39530717105726,-0.835504059807934
"CM3.ssp1","ssp1",6013,"2080s",1.13770791569772,-5.67523728157407
"CM4.ssp1","ssp1",6013,"2080s",8.99888099513364,-8.373354152714
"CM5.ssp1","ssp1",6013,"2080s",-0.143384340549573,-12.4205251977986
"CM6.ssp1","ssp1",6013,"2080s",-4.98983363782995,-8.90036890736936
"CM7.ssp1","ssp1",6013,"2080s",-2.15391755897166,0.853453882281559
"CM8.ssp1","ssp1",6013,"2080s",-3.24975926755545,-9.11697869867178
"CM9.ssp1","ssp1",6013,"2080s",-0.575152646398186,-2.98767470462576
"CM10.ssp1","ssp1",6013,"2080s",2.77295285359802,-3.90092391876475
"CM11.ssp1","ssp1",6013,"2080s",0.435680849394594,-3.74110900400813
"CM12.ssp1","ssp1",6013,"2080s",0.809836583515774,-2.80501557463291
"CM1.ssp3","ssp3",6013,"2080s",-4.67827158007875,-5.51880815897795
"CM2.ssp3","ssp3",6013,"2080s",-4.25451590404463,-8.74270294942449
"CM3.ssp3","ssp3",6013,"2080s",-4.25150348824925,-10.8069905328877
"CM4.ssp3","ssp3",6013,"2080s",-1.16636739792333,-14.3199871086075
"CM5.ssp3","ssp3",6013,"2080s",-6.62049116318914,-25.027564942233
"CM6.ssp3","ssp3",6013,"2080s",-5.83202358957036,-16.098120061012
"CM7.ssp3","ssp3",6013,"2080s",-5.5102793795737,-5.73936368540063
"CM8.ssp3","ssp3",6013,"2080s",-5.30898717295147,-7.33284498986065
"CM9.ssp3","ssp3",6013,"2080s",-6.87262087956588,-12.5610457387787
"CM10.ssp3","ssp3",6013,"2080s",-3.01747311827956,-10.4558471554453
"CM11.ssp3","ssp3",6013,"2080s",-3.46818692957452,-9.67076492403297
"CM12.ssp3","ssp3",6013,"2080s",0.446891927353624,-3.10283269403029
"CM1.ssp5","ssp5",6013,"2080s",-5.91102667264652,-7.978447446905
"CM2.ssp5","ssp5",6013,"2080s",-7.01518418745721,-10.2424571372409
"CM3.ssp5","ssp5",6013,"2080s",-2.23928776849868,-11.1495978310022
"CM4.ssp5","ssp5",6013,"2080s",1.75813880865018,-15.9265603861872
"CM5.ssp5","ssp5",6013,"2080s",-7.27290297137277,-30.7567089204529
"CM6.ssp5","ssp5",6013,"2080s",-7.57571264458217,-21.0607602043666
"CM7.ssp5","ssp5",6013,"2080s",-6.76708981892282,-7.99001552196845
"CM8.ssp5","ssp5",6013,"2080s",-4.74925205588082,-5.52699578031968
"CM9.ssp5","ssp5",6013,"2080s",-7.34388920385518,-12.1800179248049
"CM10.ssp5","ssp5",6013,"2080s",-4.84491315136475,-9.51911958203857
"CM11.ssp5","ssp5",6013,"2080s",-2.86513768665499,-5.19959489655894
"CM12.ssp5","ssp5",6013,"2080s",-2.11095400916762,-8.6284645356163
"CM1.ssp1","ssp1",6014,"2080s",0.965040294255629,1.61964937591265
"CM2.ssp1","ssp1",6014,"2080s",1.03699243097998,-0.61729007912639
"CM3.ssp1","ssp1",6014,"2080s",1.29370136661508,-5.73568277891695
"CM4.ssp1","ssp1",6014,"2080s",9.23512631071689,-7.43201370292929
"CM5.ssp1","ssp1",6014,"2080s",-0.160081928844997,-12.1890190067351
"CM6.ssp1","ssp1",6014,"2080s",-5.49850052491195,-9.14062420194862
"CM7.ssp1","ssp1",6014,"2080s",-2.49588445270634,1.12665750469347
"CM8.ssp1","ssp1",6014,"2080s",-3.59197652286283,-9.22606178795253
"CM9.ssp1","ssp1",6014,"2080s",-0.642480773728445,-2.65035964937136
"CM10.ssp1","ssp1",6014,"2080s",2.77313937407161,-3.69978874755331
"CM11.ssp1","ssp1",6014,"2080s",0.27163087175401,-3.43744003470073
"CM12.ssp1","ssp1",6014,"2080s",0.503595449295515,-2.75177101264419
"CM1.ssp3","ssp3",6014,"2080s",-4.96050929658076,-6.43475370798668
"CM2.ssp3","ssp3",6014,"2080s",-4.82643628575296,-8.89438274707072
"CM3.ssp3","ssp3",6014,"2080s",-4.58697093922953,-10.9523932816592
"CM4.ssp3","ssp3",6014,"2080s",-1.30730239066515,-13.4967260562314
"CM5.ssp3","ssp3",6014,"2080s",-7.16644641393204,-25.4244268953098
"CM6.ssp3","ssp3",6014,"2080s",-6.40162971448107,-16.6144747077861
"CM7.ssp3","ssp3",6014,"2080s",-6.06471174410256,-6.60994132328033
"CM8.ssp3","ssp3",6014,"2080s",-5.77621603040315,-7.80032383189443
"CM9.ssp3","ssp3",6014,"2080s",-7.471762488478,-12.7432982527653
"CM10.ssp3","ssp3",6014,"2080s",-3.35362144760583,-10.5104164020506
"CM11.ssp3","ssp3",6014,"2080s",-3.882510593604,-9.95890406439644
"CM12.ssp3","ssp3",6014,"2080s",0.127384585173269,-3.21358885616432
"CM1.ssp5","ssp5",6014,"2080s",-6.38150067265098,-8.95670094436947
"CM2.ssp5","ssp5",6014,"2080s",-7.78421145182736,-10.8199034155961
"CM3.ssp5","ssp5",6014,"2080s",-2.48436685942261,-11.6331753308931
"CM4.ssp5","ssp5",6014,"2080s",1.63509435615422,-15.4727099326368
"CM5.ssp5","ssp5",6014,"2080s",-7.94177052164984,-31.0770720200015
"CM6.ssp5","ssp5",6014,"2080s",-8.2691171912172,-21.5509452024783
"CM7.ssp5","ssp5",6014,"2080s",-7.52039725827847,-9.0363246953913
"CM8.ssp5","ssp5",6014,"2080s",-5.33417362132294,-5.71612424283297
"CM9.ssp5","ssp5",6014,"2080s",-7.95737655710641,-12.6257130591625
"CM10.ssp5","ssp5",6014,"2080s",-5.24268264104892,-9.98990933406195
"CM11.ssp5","ssp5",6014,"2080s",-3.22076605079757,-5.8537720745113
"CM12.ssp5","ssp5",6014,"2080s",-2.70039817372363,-8.67280700222126
"CM1.ssp1","ssp1",7009,"2080s",-2.77213313831949,-6.87503353831168
"CM2.ssp1","ssp1",7009,"2080s",0.814201183431956,-0.633323667633013
"CM3.ssp1","ssp1",7009,"2080s",-0.845119465313828,-5.98616490139282
"CM4.ssp1","ssp1",7009,"2080s",-1.12118510787874,-9.74736205202021
"CM5.ssp1","ssp1",7009,"2080s",-0.411918796606925,-12.5023563934866
"CM6.ssp1","ssp1",7009,"2080s",-4.05890199213163,-8.18551265041705
"CM7.ssp1","ssp1",7009,"2080s",-5.35957083288529,-5.13203932798805
"CM8.ssp1","ssp1",7009,"2080s",-3.59812114286804,-9.48620834826456
"CM9.ssp1","ssp1",7009,"2080s",-0.732400677785714,-2.60004102574298
"CM10.ssp1","ssp1",7009,"2080s",2.69875308515626,-3.77677597206991
"CM11.ssp1","ssp1",7009,"2080s",-0.0638597620127107,-6.35060593436266
"CM12.ssp1","ssp1",7009,"2080s",0.109853047458444,-3.22519184266685
"CM1.ssp3","ssp3",7009,"2080s",-6.86742384603965,-14.7591129857518
"CM2.ssp3","ssp3",7009,"2080s",-4.91550295857988,-8.48102370706512
"CM3.ssp3","ssp3",7009,"2080s",-6.31868862607031,-8.44859623551131
"CM4.ssp3","ssp3",7009,"2080s",-6.80320918400628,-13.5914028032603
"CM5.ssp3","ssp3",7009,"2080s",-7.06647542153346,-24.1264850807895
"CM6.ssp3","ssp3",7009,"2080s",-6.33562385935175,-12.9031011830572
"CM7.ssp3","ssp3",7009,"2080s",-8.95826612662341,-9.91219621568815
"CM8.ssp3","ssp3",7009,"2080s",-5.63728706007525,-7.75507374256801
"CM9.ssp3","ssp3",7009,"2080s",-7.46917988862281,-12.1982941878141
"CM10.ssp3","ssp3",7009,"2080s",-3.52263531203885,-10.0643871239526
"CM11.ssp3","ssp3",7009,"2080s",-3.80379941210021,-12.9097832312453
"CM12.ssp3","ssp3",7009,"2080s",-0.303541315345694,-3.87472899909451
"CM1.ssp5","ssp5",7009,"2080s",-7.70750843856698,-14.268041267887
"CM2.ssp5","ssp5",7009,"2080s",-7.6610650887574,-9.68679547360978
"CM3.ssp5","ssp5",7009,"2080s",-3.92768969244422,-9.08442482738726
"CM4.ssp5","ssp5",7009,"2080s",-4.57581709293927,-15.1207595965131
"CM5.ssp5","ssp5",7009,"2080s",-7.8404860786927,-29.7513489400486
"CM6.ssp5","ssp5",7009,"2080s",-7.66467469554623,-18.246379096352
"CM7.ssp5","ssp5",7009,"2080s",-9.87299425307957,-10.2716800446175
"CM8.ssp5","ssp5",7009,"2080s",-5.25655369509364,-5.96821400142381
"CM9.ssp5","ssp5",7009,"2080s",-8.01999747930933,-11.9129007067861
"CM10.ssp5","ssp5",7009,"2080s",-5.56576379302137,-9.34331381980209
"CM11.ssp5","ssp5",7009,"2080s",-4.29615330242716,-8.59962519135351
"CM12.ssp5","ssp5",7009,"2080s",-3.03252228378704,-8.63785197204675
"CM1.ssp1","ssp1",7012,"2080s",-2.93603222953719,-7.17893241215964
"CM2.ssp1","ssp1",7012,"2080s",0.495315998866029,-0.577306524042126
"CM3.ssp1","ssp1",7012,"2080s",-0.938920461490577,-5.84747882792695
"CM4.ssp1","ssp1",7012,"2080s",-1.34147909339904,-9.40755024010465
"CM5.ssp1","ssp1",7012,"2080s",-0.452016803162488,-12.2790996526903
"CM6.ssp1","ssp1",7012,"2080s",-4.29478877782407,-8.31589074860807
"CM7.ssp1","ssp1",7012,"2080s",-5.66705755730831,-5.4478564830531
"CM8.ssp1","ssp1",7012,"2080s",-3.92034288975017,-9.55985787053978
"CM9.ssp1","ssp1",7012,"2080s",-0.654388110953527,-2.1858765640067
"CM10.ssp1","ssp1",7012,"2080s",2.95466858152185,-3.59020324505145
"CM11.ssp1","ssp1",7012,"2080s",-0.155794180947793,-6.32741659996054
"CM12.ssp1","ssp1",7012,"2080s",-0.00405622248866728,-3.12140765526474
"CM1.ssp3","ssp3",7012,"2080s",-7.28570960662933,-15.3523845761091
"CM2.ssp3","ssp3",7012,"2080s",-5.34845719418617,-8.73327229484411
"CM3.ssp3","ssp3",7012,"2080s",-6.58776323102072,-8.76330666892654
"CM4.ssp3","ssp3",7012,"2080s",-7.19041256625618,-13.6560493221935
"CM5.ssp3","ssp3",7012,"2080s",-7.48548951105926,-24.3568516072337
"CM6.ssp3","ssp3",7012,"2080s",-6.70338451464202,-13.1376944694949
"CM7.ssp3","ssp3",7012,"2080s",-9.43759939599364,-10.7057369332943
"CM8.ssp3","ssp3",7012,"2080s",-6.09642331624654,-8.0468822880498
"CM9.ssp3","ssp3",7012,"2080s",-7.76303666271497,-12.1941423844829
"CM10.ssp3","ssp3",7012,"2080s",-3.72210663990999,-10.0754500726633
"CM11.ssp3","ssp3",7012,"2080s",-4.00977120089569,-13.0801452445147
"CM12.ssp3","ssp3",7012,"2080s",-0.483014973950938,-3.55637102587758
"CM1.ssp5","ssp5",7012,"2080s",-8.15302479447119,-15.0214216111647
"CM2.ssp5","ssp5",7012,"2080s",-8.12011753744715,-10.2223125794181
"CM3.ssp5","ssp5",7012,"2080s",-4.20762186327062,-9.22699741134557
"CM4.ssp5","ssp5",7012,"2080s",-4.93090804936278,-15.0430465276477
"CM5.ssp5","ssp5",7012,"2080s",-8.32304047293928,-29.9179162729855
"CM6.ssp5","ssp5",7012,"2080s",-8.11093803944197,-18.536231765143
"CM7.ssp5","ssp5",7012,"2080s",-10.4444908515526,-11.1087175324303
"CM8.ssp5","ssp5",7012,"2080s",-5.77584576372793,-5.8961019303383
"CM9.ssp5","ssp5",7012,"2080s",-8.27183049429729,-11.9995091580197
"CM10.ssp5","ssp5",7012,"2080s",-5.84105633328739,-9.43196936885984
"CM11.ssp5","ssp5",7012,"2080s",-4.45893124206869,-8.69186615013778
"CM12.ssp5","ssp5",7012,"2080s",-3.37493935947379,-8.55529440618393
"CM1.ssp1","ssp1",12001,"2080s",-17.7915893016597,-24.6463765141581
"CM2.ssp1","ssp1",12001,"2080s",-18.4495750610742,-16.1185376457396
"CM3.ssp1","ssp1",12001,"2080s",-6.90614825522488,-8.44992805250662
"CM4.ssp1","ssp1",12001,"2080s",46.1083686098197,13.5989508223769
"CM5.ssp1","ssp1",12001,"2080s",-12.6404733846501,-17.5573808995566
"CM6.ssp1","ssp1",12001,"2080s",-19.7662268311737,-25.1331653669401
"CM7.ssp1","ssp1",12001,"2080s",-31.1617288945431,-22.5344651451167
"CM8.ssp1","ssp1",12001,"2080s",-17.8391551317274,-22.1137771906638
"CM9.ssp1","ssp1",12001,"2080s",-5.31476802035404,2.58498299017941
"CM10.ssp1","ssp1",12001,"2080s",15.9304665350914,-1.28718511818642
"CM11.ssp1","ssp1",12001,"2080s",4.16553144955716,-19.1384792213271
"CM12.ssp1","ssp1",12001,"2080s",-3.85977899665727,-9.42258215937988
"CM1.ssp3","ssp3",12001,"2080s",-40.8954970022536,-47.5073413246202
"CM2.ssp3","ssp3",12001,"2080s",-48.3158567811603,-41.972683287751
"CM3.ssp3","ssp3",12001,"2080s",-37.6129746963699,-24.3997607454315
"CM4.ssp3","ssp3",12001,"2080s",-14.2925206080315,-8.28135693825019
"CM5.ssp3","ssp3",12001,"2080s",-51.126377988951,-55.1546369943282
"CM6.ssp3","ssp3",12001,"2080s",-36.3703188505164,-40.9834803940155
"CM7.ssp3","ssp3",12001,"2080s",-50.6615573711228,-40.4059569811702
"CM8.ssp3","ssp3",12001,"2080s",-32.8775739103732,-36.28190104998
"CM9.ssp3","ssp3",12001,"2080s",-41.9405304102216,-32.6734760129941
"CM10.ssp3","ssp3",12001,"2080s",-19.5386595991237,-21.9172882170217
"CM11.ssp3","ssp3",12001,"2080s",-22.8535066078966,-35.1468987997285
"CM12.ssp3","ssp3",12001,"2080s",-5.48053568825655,-11.1226285664553
"CM1.ssp5","ssp5",12001,"2080s",-48.049417013187,-52.6382178021162
"CM2.ssp5","ssp5",12001,"2080s",-58.0925837516075,-48.8081509740204
"CM3.ssp5","ssp5",12001,"2080s",-25.1989300333689,-26.1110263636897
"CM4.ssp5","ssp5",12001,"2080s",7.02639340542994,-8.00630850694019
"CM5.ssp5","ssp5",12001,"2080s",-57.3887825629111,-59.914895654761
"CM6.ssp5","ssp5",12001,"2080s",-45.4825939196561,-52.5672682747924
"CM7.ssp5","ssp5",12001,"2080s",-56.7500546108477,-51.0809082672775
"CM8.ssp5","ssp5",12001,"2080s",-33.1140476921637,-31.7547723846669
"CM9.ssp5","ssp5",12001,"2080s",-49.4950870265732,-36.5400077204953
"CM10.ssp5","ssp5",12001,"2080s",-27.6442612912195,-31.9371344728344
"CM11.ssp5","ssp5",12001,"2080s",-21.8428212602216,-29.6640678796458
"CM12.ssp5","ssp5",12001,"2080s",-23.5715607644547,-20.3754197624308
"CM1.ssp1","ssp1",14007,"2080s",-2.55727092513348,-7.04493215581657
"CM2.ssp1","ssp1",14007,"2080s",1.20688472879381,-0.63278035285421
"CM3.ssp1","ssp1",14007,"2080s",-0.85670270534027,-5.98718809630709
"CM4.ssp1","ssp1",14007,"2080s",-3.05392291109286,-7.73340984730791
"CM5.ssp1","ssp1",14007,"2080s",-1.46538196737926,-10.4296146708256
"CM6.ssp1","ssp1",14007,"2080s",-3.70458190947765,-8.1263720614466
"CM7.ssp1","ssp1",14007,"2080s",-4.8401807481698,-5.42006339371062
"CM8.ssp1","ssp1",14007,"2080s",-2.18896504502994,-9.63793292031521
"CM9.ssp1","ssp1",14007,"2080s",-0.51811386432459,-4.5729815911493
"CM10.ssp1","ssp1",14007,"2080s",2.66964682363395,-4.16466879710426
"CM11.ssp1","ssp1",14007,"2080s",0.0723127012850534,-6.04699960586395
"CM12.ssp1","ssp1",14007,"2080s",0.413623776740811,-3.08484318460232
"CM1.ssp3","ssp3",14007,"2080s",-6.19829892189669,-15.5219807658658
"CM2.ssp3","ssp3",14007,"2080s",-4.3420421038195,-8.7599689984307
"CM3.ssp3","ssp3",14007,"2080s",-6.20882912649784,-8.48677919000312
"CM4.ssp3","ssp3",14007,"2080s",-7.1323741108232,-10.5953192191202
"CM5.ssp3","ssp3",14007,"2080s",-6.09533195637055,-23.424412603491
"CM6.ssp3","ssp3",14007,"2080s",-5.83722714275751,-13.3234510884301
"CM7.ssp3","ssp3",14007,"2080s",-8.316427206553,-10.2372190167491
"CM8.ssp3","ssp3",14007,"2080s",-5.05774591796097,-12.1132063835698
"CM9.ssp3","ssp3",14007,"2080s",-8.77171802533224,-11.4806912447479
"CM10.ssp3","ssp3",14007,"2080s",-2.92925366503776,-10.7319726165643
"CM11.ssp3","ssp3",14007,"2080s",-3.52709609828884,-13.1797494486251
"CM12.ssp3","ssp3",14007,"2080s",0.112654638546017,-3.27447213500022
"CM1.ssp5","ssp5",14007,"2080s",-7.04495100654777,-14.8741327081038
"CM2.ssp5","ssp5",14007,"2080s",-6.868271274772,-9.90451195350225
"CM3.ssp5","ssp5",14007,"2080s",-3.80532145520957,-9.33188863200957
"CM4.ssp5","ssp5",14007,"2080s",-5.31364329000681,-12.6700301648919
"CM5.ssp5","ssp5",14007,"2080s",-6.75096195179232,-26.0786949874177
"CM6.ssp5","ssp5",14007,"2080s",-7.09393960527234,-18.784479938828
"CM7.ssp5","ssp5",14007,"2080s",-9.17785938957612,-10.8983432057053
"CM8.ssp5","ssp5",14007,"2080s",-4.9166125189517,-9.40826685285229
"CM9.ssp5","ssp5",14007,"2080s",-8.79988732281009,-12.1757705468584
"CM10.ssp5","ssp5",14007,"2080s",-4.88949355841847,-9.94894061062528
"CM11.ssp5","ssp5",14007,"2080s",-4.11265260625558,-8.95978235258212
"CM12.ssp5","ssp5",14007,"2080s",-2.35549324460999,-8.31257747030565
"CM1.ssp1","ssp1",15003,"2080s",-2.98404768286584,-8.95360784469499
"CM2.ssp1","ssp1",15003,"2080s",-3.74636239952501,-5.11731694468945
"CM3.ssp1","ssp1",15003,"2080s",-1.14646630945611,-7.29920155132735
"CM4.ssp1","ssp1",15003,"2080s",9.28226477935054,-2.80281110083022
"CM5.ssp1","ssp1",15003,"2080s",-2.95376735853515,-9.69922380798725
"CM6.ssp1","ssp1",15003,"2080s",-2.63482971412221,-9.83367796243411
"CM7.ssp1","ssp1",15003,"2080s",-6.62712211086112,-7.92530285995785
"CM8.ssp1","ssp1",15003,"2080s",-3.31105204642739,-10.8519131880831
"CM9.ssp1","ssp1",15003,"2080s",-0.731490660040929,-4.47285582619352
"CM10.ssp1","ssp1",15003,"2080s",3.93959628126765,-3.57651093798498
"CM11.ssp1","ssp1",15003,"2080s",-0.376785575761601,-6.47994637104305
"CM12.ssp1","ssp1",15003,"2080s",0.0646573972952574,-4.52316066470377
"CM1.ssp3","ssp3",15003,"2080s",-8.2718277050272,-18.8462183349466
"CM2.ssp3","ssp3",15003,"2080s",-10.7294903232506,-14.3227695368248
"CM3.ssp3","ssp3",15003,"2080s",-8.28922626450091,-10.9074844119164
"CM4.ssp3","ssp3",15003,"2080s",-2.85428809325562,-8.83088540343284
"CM5.ssp3","ssp3",15003,"2080s",-11.0220859367701,-21.6858205181938
"CM6.ssp3","ssp3",15003,"2080s",-8.24288744542296,-16.1915149181649
"CM7.ssp3","ssp3",15003,"2080s",-11.3713922769698,-13.9275261313974
"CM8.ssp3","ssp3",15003,"2080s",-6.7868235371247,-13.794252925162
"CM9.ssp3","ssp3",15003,"2080s",-12.0779638760508,-13.6014413873793
"CM10.ssp3","ssp3",15003,"2080s",-4.46999413372406,-11.1997067920661
"CM11.ssp3","ssp3",15003,"2080s",-4.83504549131731,-14.7534393443511
"CM12.ssp3","ssp3",15003,"2080s",0.0690041130798047,-4.48071318565379
"CM1.ssp5","ssp5",15003,"2080s",-9.75072604734575,-19.0002072682894
"CM2.ssp5","ssp5",15003,"2080s",-13.3419064887071,-16.3360013666424
"CM3.ssp5","ssp5",15003,"2080s",-5.2305314346204,-10.6686415277054
"CM4.ssp5","ssp5",15003,"2080s",1.41881765195669,-8.73481736983442
"CM5.ssp5","ssp5",15003,"2080s",-11.9145358326327,-25.8950595304375
"CM6.ssp5","ssp5",15003,"2080s",-9.05174192589903,-21.1786395878813
"CM7.ssp5","ssp5",15003,"2080s",-12.6126320095596,-15.7308745547084
"CM8.ssp5","ssp5",15003,"2080s",-6.76606287748206,-11.6116983937754
"CM9.ssp5","ssp5",15003,"2080s",-12.0563358523115,-14.9793457957956
"CM10.ssp5","ssp5",15003,"2080s",-6.80569109866968,-11.2789702423877
"CM11.ssp5","ssp5",15003,"2080s",-5.41463036226825,-10.8173618403094
"CM12.ssp5","ssp5",15003,"2080s",-3.60179736697691,-10.7051395064649
"CM1.ssp1","ssp1",15006,"2080s",-3.08587688798461,-8.31416372031343
"CM2.ssp1","ssp1",15006,"2080s",-3.41063338515668,-5.34591840509837
"CM3.ssp1","ssp1",15006,"2080s",-1.04342558100565,-8.39100519977128
"CM4.ssp1","ssp1",15006,"2080s",12.5192229231397,-5.78378801485307
"CM5.ssp1","ssp1",15006,"2080s",-2.73900867466588,-10.0930700396019
"CM6.ssp1","ssp1",15006,"2080s",-2.41231397771567,-9.29906946176612
"CM7.ssp1","ssp1",15006,"2080s",-6.05636707502874,-6.65337117053302
"CM8.ssp1","ssp1",15006,"2080s",-2.86294324056117,-10.272617488949
"CM9.ssp1","ssp1",15006,"2080s",-0.602975748481783,-4.38060177446189
"CM10.ssp1","ssp1",15006,"2080s",3.23539612545211,-3.95474848446757
"CM11.ssp1","ssp1",15006,"2080s",4.87664945496272,-0.778084263743236
"CM12.ssp1","ssp1",15006,"2080s",-0.0171099654249512,-3.80685444435895
"CM1.ssp3","ssp3",15006,"2080s",-7.56694931708677,-17.4117185273556
"CM2.ssp3","ssp3",15006,"2080s",-9.22715330743758,-12.7880856751784
"CM3.ssp3","ssp3",15006,"2080s",-6.90633015815728,-10.5502905492869
"CM4.ssp3","ssp3",15006,"2080s",0.97770553867957,-11.0433966285093
"CM5.ssp3","ssp3",15006,"2080s",-9.68394552557027,-19.7865793456158
"CM6.ssp3","ssp3",15006,"2080s",-7.09499312282488,-15.3274465381203
"CM7.ssp3","ssp3",15006,"2080s",-10.072948823914,-12.2737998800837
"CM8.ssp3","ssp3",15006,"2080s",-5.93927758355656,-13.1557175493207
"CM9.ssp3","ssp3",15006,"2080s",-10.5717635422749,-12.8601726998886
"CM10.ssp3","ssp3",15006,"2080s",-4.04892012281176,-11.1662897898562
"CM11.ssp3","ssp3",15006,"2080s",-4.85213135815545,-12.4807676617022
"CM12.ssp3","ssp3",15006,"2080s",-0.27795623077146,-3.87619805881454
"CM1.ssp5","ssp5",15006,"2080s",-8.7599875344475,-17.364117719689
"CM2.ssp5","ssp5",15006,"2080s",-11.3658605671075,-14.3595097129751
"CM3.ssp5","ssp5",15006,"2080s",-4.20979363503951,-10.4179095536797
"CM4.ssp5","ssp5",15006,"2080s",5.22219304026944,-9.71931537440798
"CM5.ssp5","ssp5",15006,"2080s",-10.5289692207112,-23.664272320944
"CM6.ssp5","ssp5",15006,"2080s",-7.88272744033664,-19.8740744139521
"CM7.ssp5","ssp5",15006,"2080s",-11.2176202664399,-13.4733261414817
"CM8.ssp5","ssp5",15006,"2080s",-5.99765204926805,-10.5027799827161
"CM9.ssp5","ssp5",15006,"2080s",-10.6517499237422,-14.0892733055223
"CM10.ssp5","ssp5",15006,"2080s",-6.16248423697364,-10.7213065531295
"CM11.ssp5","ssp5",15006,"2080s",-3.83413997871829,-7.81754596257294
"CM12.ssp5","ssp5",15006,"2080s",-3.51270818469723,-9.15548982957248
"CM1.ssp1","ssp1",15007,"2080s",-3.17785283499946,-4.8029748378618
"CM2.ssp1","ssp1",15007,"2080s",-8.07953244847482,-4.84349395214922
"CM3.ssp1","ssp1",15007,"2080s",-1.2778739795738,-7.72444867602203
"CM4.ssp1","ssp1",15007,"2080s",17.4405858107516,-4.31885039456636
"CM5.ssp1","ssp1",15007,"2080s",-4.40462691582671,-8.41837923574793
"CM6.ssp1","ssp1",15007,"2080s",-11.2897085866457,-10.6495124371869
"CM7.ssp1","ssp1",15007,"2080s",-8.80095917037991,-6.90097883043006
"CM8.ssp1","ssp1",15007,"2080s",-5.95769072312681,-9.74920203572153
"CM9.ssp1","ssp1",15007,"2080s",-2.34719220773664,-5.11769333868059
"CM10.ssp1","ssp1",15007,"2080s",4.4731096602715,-2.6846638863161
"CM11.ssp1","ssp1",15007,"2080s",3.08138618288444,-3.45743155546853
"CM12.ssp1","ssp1",15007,"2080s",-3.58462020625469,-3.67853824368968
"CM1.ssp3","ssp3",15007,"2080s",-12.8338908984278,-13.4520716815428
"CM2.ssp3","ssp3",15007,"2080s",-18.1903172743518,-15.6497482270783
"CM3.ssp3","ssp3",15007,"2080s",-13.1229458953246,-11.9909299194542
"CM4.ssp3","ssp3",15007,"2080s",-1.63380333155199,-10.0379321809059
"CM5.ssp3","ssp3",15007,"2080s",-18.6345465964748,-22.9101478362381
"CM6.ssp3","ssp3",15007,"2080s",-16.0790865859958,-15.2454523869837
"CM7.ssp3","ssp3",15007,"2080s",-14.869476530689,-12.1225793510276
"CM8.ssp3","ssp3",15007,"2080s",-12.2130868576137,-13.4515675177856
"CM9.ssp3","ssp3",15007,"2080s",-18.2607221535076,-15.4580854290708
"CM10.ssp3","ssp3",15007,"2080s",-7.25408092591225,-10.3192044601878
"CM11.ssp3","ssp3",15007,"2080s",-10.3425731868187,-13.5115363886505
"CM12.ssp3","ssp3",15007,"2080s",-4.15940258948892,-4.96127805601569
"CM1.ssp5","ssp5",15007,"2080s",-15.5631288252512,-17.3070639756153
"CM2.ssp5","ssp5",15007,"2080s",-22.7312609994472,-19.1981786616259
"CM3.ssp5","ssp5",15007,"2080s",-9.05679047248825,-11.2184676968856
"CM4.ssp5","ssp5",15007,"2080s",4.54477772144498,-9.55877929028506
"CM5.ssp5","ssp5",15007,"2080s",-19.9245978763053,-28.1242004080552
"CM6.ssp5","ssp5",15007,"2080s",-18.3739460624396,-22.3394494378682
"CM7.ssp5","ssp5",15007,"2080s",-18.6089261322891,-15.9842123161598
"CM8.ssp5","ssp5",15007,"2080s",-11.8000250774715,-11.3149661848193
"CM9.ssp5","ssp5",15007,"2080s",-18.3719822148488,-16.4058699850204
"CM10.ssp5","ssp5",15007,"2080s",-11.5542148766142,-9.33761823798258
"CM11.ssp5","ssp5",15007,"2080s",-8.4610526859587,-8.71424224550208
"CM12.ssp5","ssp5",15007,"2080s",-9.33593603363489,-11.2369149042678
"CM1.ssp1","ssp1",16008,"2080s",-2.91377734039225,-18.4407516677121
"CM2.ssp1","ssp1",16008,"2080s",-14.204713551783,-12.090381958371
"CM3.ssp1","ssp1",16008,"2080s",-16.9770548971981,-15.6933651615095
"CM4.ssp1","ssp1",16008,"2080s",-7.00433626916555,-15.997781638058
"CM5.ssp1","ssp1",16008,"2080s",-11.0413963155051,-22.0391779558545
"CM6.ssp1","ssp1",16008,"2080s",-16.8662335142977,-21.6898121481827
"CM7.ssp1","ssp1",16008,"2080s",-10.7504789597591,-6.46221864758176
"CM8.ssp1","ssp1",16008,"2080s",-8.64994275007806,-19.4012819272579
"CM9.ssp1","ssp1",16008,"2080s",-3.8550398679659,-0.349408841997561
"CM10.ssp1","ssp1",16008,"2080s",12.0945312746547,-5.03939818314032
"CM11.ssp1","ssp1",16008,"2080s",-0.587184392341622,-14.9861743907856
"CM12.ssp1","ssp1",16008,"2080s",-5.53663127526599,-8.61329978459167
"CM1.ssp3","ssp3",16008,"2080s",-23.495349102092,-38.5899958585874
"CM2.ssp3","ssp3",16008,"2080s",-38.7405697085855,-36.3794932083694
"CM3.ssp3","ssp3",16008,"2080s",-32.9683007470595,-30.4216229885621
"CM4.ssp3","ssp3",16008,"2080s",-26.3168703754775,-29.6040341020426
"CM5.ssp3","ssp3",16008,"2080s",-40.7241697215438,-48.7501183532236
"CM6.ssp3","ssp3",16008,"2080s",-32.9967077795927,-39.1623724156739
"CM7.ssp3","ssp3",16008,"2080s",-30.59585229866,-30.2717849407596
"CM8.ssp3","ssp3",16008,"2080s",-27.6191154476177,-32.7124155884335
"CM9.ssp3","ssp3",16008,"2080s",-39.4482964271143,-31.9862623145506
"CM10.ssp3","ssp3",16008,"2080s",-18.069968181313,-21.4464242756819
"CM11.ssp3","ssp3",16008,"2080s",-16.5544423592875,-33.346699946143
"CM12.ssp3","ssp3",16008,"2080s",-3.75601269061509,-10.8309394996076
"CM1.ssp5","ssp5",16008,"2080s",-34.5700292342154,-46.1482315278922
"CM2.ssp5","ssp5",16008,"2080s",-46.6986356169952,-42.3823034982412
"CM3.ssp5","ssp5",16008,"2080s",-27.8042364228465,-30.1303838736381
"CM4.ssp5","ssp5",16008,"2080s",-19.123592472847,-30.1942842307596
"CM5.ssp5","ssp5",16008,"2080s",-44.5825632421458,-54.4222128839027
"CM6.ssp5","ssp5",16008,"2080s",-36.1545403683576,-47.3127227745194
"CM7.ssp5","ssp5",16008,"2080s",-37.543369962252,-38.4873675828329
"CM8.ssp5","ssp5",16008,"2080s",-30.7823790766601,-25.5093494282514
"CM9.ssp5","ssp5",16008,"2080s",-40.9484865891305,-33.5701372910384
"CM10.ssp5","ssp5",16008,"2080s",-21.6417838771598,-31.0347820381778
"CM11.ssp5","ssp5",16008,"2080s",-11.7631341374529,-26.4634991760136
"CM12.ssp5","ssp5",16008,"2080s",-19.4636107526792,-16.8197798934416
"CM1.ssp1","ssp1",16011,"2080s",-3.66716242914196,-16.7964678881663
"CM2.ssp1","ssp1",16011,"2080s",-16.9775821336914,-12.2870780153934
"CM3.ssp1","ssp1",16011,"2080s",-14.8668886400977,-13.1414598170449
"CM4.ssp1","ssp1",16011,"2080s",-5.44506554729468,-14.2804777390794
"CM5.ssp1","ssp1",16011,"2080s",-11.2228019593563,-19.6769373559744
"CM6.ssp1","ssp1",16011,"2080s",-18.1362619639617,-18.7058337120492
"CM7.ssp1","ssp1",16011,"2080s",-12.6183538670539,-9.12834572213981
"CM8.ssp1","ssp1",16011,"2080s",-9.46610735055773,-15.0783005806226
"CM9.ssp1","ssp1",16011,"2080s",-4.32693253005414,-1.62587273545895
"CM10.ssp1","ssp1",16011,"2080s",13.8427464008859,-0.535250777287261
"CM11.ssp1","ssp1",16011,"2080s",-1.67619975681571,-14.3387256064403
"CM12.ssp1","ssp1",16011,"2080s",-4.75736057705803,-8.27632267081273
"CM1.ssp3","ssp3",16011,"2080s",-29.7958944802312,-35.4025619343128
"CM2.ssp3","ssp3",16011,"2080s",-43.3842650033142,-36.2273731887878
"CM3.ssp3","ssp3",16011,"2080s",-34.8256926976557,-28.6378473503564
"CM4.ssp3","ssp3",16011,"2080s",-28.2432631274513,-27.9688583847584
"CM5.ssp3","ssp3",16011,"2080s",-46.1500244420723,-47.329043113347
"CM6.ssp3","ssp3",16011,"2080s",-36.6058348613284,-34.9295530854487
"CM7.ssp3","ssp3",16011,"2080s",-33.7576240221108,-29.3291682676307
"CM8.ssp3","ssp3",16011,"2080s",-28.698255315092,-29.7469990944466
"CM9.ssp3","ssp3",16011,"2080s",-40.6022234369286,-30.6733811968413
"CM10.ssp3","ssp3",16011,"2080s",-17.0719262094004,-17.6632915479846
"CM11.ssp3","ssp3",16011,"2080s",-17.4507418698967,-30.0239080186847
"CM12.ssp3","ssp3",16011,"2080s",-7.7292841973299,-8.51118243539834
"CM1.ssp5","ssp5",16011,"2080s",-40.2332555680231,-44.4227247493131
"CM2.ssp5","ssp5",16011,"2080s",-52.2429763584139,-42.714535323749
"CM3.ssp5","ssp5",16011,"2080s",-29.0786163979237,-29.2633039875738
"CM4.ssp5","ssp5",16011,"2080s",-21.6543785044856,-29.0719161368238
"CM5.ssp5","ssp5",16011,"2080s",-49.9366501391702,-54.6569590336996
"CM6.ssp5","ssp5",16011,"2080s",-39.9427841830906,-45.7666044667137
"CM7.ssp5","ssp5",16011,"2080s",-42.9448634468544,-38.5425464612189
"CM8.ssp5","ssp5",16011,"2080s",-33.7395366574507,-23.3389861323217
"CM9.ssp5","ssp5",16011,"2080s",-42.6743376682619,-31.425681946781
"CM10.ssp5","ssp5",16011,"2080s",-24.14352533281,-27.1489667823188
"CM11.ssp5","ssp5",16011,"2080s",-14.3317985294404,-22.8978467120798
"CM12.ssp5","ssp5",16011,"2080s",-22.9532122709029,-17.9930742354343
"CM1.ssp1","ssp1",18002,"2080s",-7.37575292264585,-11.7079034613888
"CM2.ssp1","ssp1",18002,"2080s",-2.24339379645291,-4.86489370099883
"CM3.ssp1","ssp1",18002,"2080s",-0.750076149862929,-7.91286146161929
"CM4.ssp1","ssp1",18002,"2080s",6.2044728641281,-11.4670439908371
"CM5.ssp1","ssp1",18002,"2080s",-3.49930090420636,-10.7823208934021
"CM6.ssp1","ssp1",18002,"2080s",-3.85328931758066,-10.8877396124027
"CM7.ssp1","ssp1",18002,"2080s",-8.24979868380863,-8.61135281668854
"CM8.ssp1","ssp1",18002,"2080s",-2.55056112344716,-10.7407550688362
"CM9.ssp1","ssp1",18002,"2080s",-2.46499590856358,-8.94586638224578
"CM10.ssp1","ssp1",18002,"2080s",4.12281677605963,0.775065265769527
"CM11.ssp1","ssp1",18002,"2080s",-0.212051686163506,-7.14131201537565
"CM12.ssp1","ssp1",18002,"2080s",-4.3622446255627,-3.57725010754806
"CM1.ssp3","ssp3",18002,"2080s",-10.9432409115014,-21.1272283153608
"CM2.ssp3","ssp3",18002,"2080s",-10.6186478812047,-18.0175935119678
"CM3.ssp3","ssp3",18002,"2080s",-9.27188039394862,-15.110014348396
"CM4.ssp3","ssp3",18002,"2080s",-4.93596848176942,-18.9240960281919
"CM5.ssp3","ssp3",18002,"2080s",-13.1611551164576,-25.6249793367761
"CM6.ssp3","ssp3",18002,"2080s",-10.2594604407627,-17.8854699194487
"CM7.ssp3","ssp3",18002,"2080s",-12.6895534637184,-14.4872211992053
"CM8.ssp3","ssp3",18002,"2080s",-8.61442148851695,-14.1399620077642
"CM9.ssp3","ssp3",18002,"2080s",-10.7214810781378,-16.1129409679957
"CM10.ssp3","ssp3",18002,"2080s",-3.76613324899518,-6.98546121977351
"CM11.ssp3","ssp3",18002,"2080s",-3.97074258724744,-16.1922532843491
"CM12.ssp3","ssp3",18002,"2080s",-4.29373360180609,-5.98314232632569
"CM1.ssp5","ssp5",18002,"2080s",-13.9250124662619,-22.8381592561261
"CM2.ssp5","ssp5",18002,"2080s",-13.9013452914798,-19.5134150879722
"CM3.ssp5","ssp5",18002,"2080s",-7.61498629302467,-14.674152943664
"CM4.ssp5","ssp5",18002,"2080s",-2.84157284827147,-18.7953089266358
"CM5.ssp5","ssp5",18002,"2080s",-14.1803380502394,-30.4122156193701
"CM6.ssp5","ssp5",18002,"2080s",-10.542282353728,-21.1901869021691
"CM7.ssp5","ssp5",18002,"2080s",-15.5132251625185,-22.5147579950818
"CM8.ssp5","ssp5",18002,"2080s",-9.38764422909883,-11.6332022186732
"CM9.ssp5","ssp5",18002,"2080s",-10.3814623226548,-16.1993705162745
"CM10.ssp5","ssp5",18002,"2080s",-7.62237906718393,-9.70670711078636
"CM11.ssp5","ssp5",18002,"2080s",-2.95591708213067,-13.1024409165695
"CM12.ssp5","ssp5",18002,"2080s",-9.11587040087864,-7.54177185462276
"CM1.ssp1","ssp1",18003,"2080s",-7.61101573012854,-12.5844078916649
"CM2.ssp1","ssp1",18003,"2080s",-2.52482623054829,-4.89667320275827
"CM3.ssp1","ssp1",18003,"2080s",-1.46244170696979,-7.87670625512544
"CM4.ssp1","ssp1",18003,"2080s",6.34676752156954,-10.5618480194998
"CM5.ssp1","ssp1",18003,"2080s",-3.50592194868714,-11.0826448198237
"CM6.ssp1","ssp1",18003,"2080s",-3.99660185559632,-11.4473777233531
"CM7.ssp1","ssp1",18003,"2080s",-8.79040646785382,-9.06856410653968
"CM8.ssp1","ssp1",18003,"2080s",-2.89541556794912,-10.6748827178771
"CM9.ssp1","ssp1",18003,"2080s",-3.54208865556061,-6.8114017920348
"CM10.ssp1","ssp1",18003,"2080s",4.27617855652899,1.26647009971774
"CM11.ssp1","ssp1",18003,"2080s",-0.360707238472216,-7.57593853532741
"CM12.ssp1","ssp1",18003,"2080s",-4.52521429366583,-4.35517030760145
"CM1.ssp3","ssp3",18003,"2080s",-11.5296273954805,-22.4990916295813
"CM2.ssp3","ssp3",18003,"2080s",-11.3880596169424,-18.8563993524461
"CM3.ssp3","ssp3",18003,"2080s",-10.3396992108464,-15.7468595017261
"CM4.ssp3","ssp3",18003,"2080s",-5.56080841508096,-18.954826620842
"CM5.ssp3","ssp3",18003,"2080s",-13.9924812687932,-27.2374116568972
"CM6.ssp3","ssp3",18003,"2080s",-11.0791726914875,-19.1402934788822
"CM7.ssp3","ssp3",18003,"2080s",-13.3920995436081,-15.7597307934721
"CM8.ssp3","ssp3",18003,"2080s",-9.23558140811063,-14.9478946778771
"CM9.ssp3","ssp3",18003,"2080s",-12.0686756782826,-15.1251450996879
"CM10.ssp3","ssp3",18003,"2080s",-4.26690770870998,-7.71189756065105
"CM11.ssp3","ssp3",18003,"2080s",-4.04166303756941,-17.2914161771779
"CM12.ssp3","ssp3",18003,"2080s",-4.6331960369587,-6.51050276049774
"CM1.ssp5","ssp5",18003,"2080s",-14.68609345274,-24.5636543838986
"CM2.ssp5","ssp5",18003,"2080s",-14.89120644434,-20.836838483669
"CM3.ssp5","ssp5",18003,"2080s",-8.69798301792168,-15.4551728668464
"CM4.ssp5","ssp5",18003,"2080s",-3.27889681092787,-18.7983355778744
"CM5.ssp5","ssp5",18003,"2080s",-15.0144220813878,-32.2052408073472
"CM6.ssp5","ssp5",18003,"2080s",-11.4445895896915,-22.5692088758149
"CM7.ssp5","ssp5",18003,"2080s",-16.4625259697975,-24.2245707200751
"CM8.ssp5","ssp5",18003,"2080s",-10.018859913874,-12.2141087479832
"CM9.ssp5","ssp5",18003,"2080s",-11.7401788543949,-15.1449901311704
"CM10.ssp5","ssp5",18003,"2080s",-8.23367171927874,-10.7388003724697
"CM11.ssp5","ssp5",18003,"2080s",-3.19096533910013,-13.9951499232502
"CM12.ssp5","ssp5",18003,"2080s",-9.87754647667817,-8.7091220724319
"CM1.ssp1","ssp1",18006,"2080s",-7.87348494228679,-12.7356811967231
"CM2.ssp1","ssp1",18006,"2080s",-2.62805996626729,-5.02711321486808
"CM3.ssp1","ssp1",18006,"2080s",-1.6030359649812,-7.81268036534135
"CM4.ssp1","ssp1",18006,"2080s",6.42007592620506,-10.2226603266121
"CM5.ssp1","ssp1",18006,"2080s",-3.58123478676366,-11.1268606196674
"CM6.ssp1","ssp1",18006,"2080s",-4.10143024942998,-11.5271001147973
"CM7.ssp1","ssp1",18006,"2080s",-9.0608299828549,-9.21975094769136
"CM8.ssp1","ssp1",18006,"2080s",-3.15170738892296,-10.7986627828551
"CM9.ssp1","ssp1",18006,"2080s",-3.4416431957134,-6.72757379029718
"CM10.ssp1","ssp1",18006,"2080s",4.51251488228373,1.44144145741553
"CM11.ssp1","ssp1",18006,"2080s",-0.463423061441843,-7.78653293374304
"CM12.ssp1","ssp1",18006,"2080s",-4.80523848147342,-4.54243306845861
"CM1.ssp3","ssp3",18006,"2080s",-11.8769518620936,-22.7317803216555
"CM2.ssp3","ssp3",18006,"2080s",-11.7614251060027,-19.1875739522231
"CM3.ssp3","ssp3",18006,"2080s",-10.7792469522505,-15.8157180020549
"CM4.ssp3","ssp3",18006,"2080s",-5.8262671017993,-18.8283730173088
"CM5.ssp3","ssp3",18006,"2080s",-14.3966123173979,-27.595811958588
"CM6.ssp3","ssp3",18006,"2080s",-11.4046845850895,-19.3066950712886
"CM7.ssp3","ssp3",18006,"2080s",-13.8093185076752,-16.3227355708611
"CM8.ssp3","ssp3",18006,"2080s",-9.63529802662903,-15.2583517025209
"CM9.ssp3","ssp3",18006,"2080s",-12.2739182916417,-15.4167805430781
"CM10.ssp3","ssp3",18006,"2080s",-4.23035366499893,-7.82468187991351
"CM11.ssp3","ssp3",18006,"2080s",-4.30474073599133,-17.6777467498304
"CM12.ssp3","ssp3",18006,"2080s",-4.90942781591459,-6.80217551002309
"CM1.ssp5","ssp5",18006,"2080s",-15.1870348205319,-25.0596915058809
"CM2.ssp5","ssp5",18006,"2080s",-15.3658520195945,-21.4108839418866
"CM3.ssp5","ssp5",18006,"2080s",-9.09320699419655,-15.6804892477893
"CM4.ssp5","ssp5",18006,"2080s",-3.53235627127318,-18.6572723533117
"CM5.ssp5","ssp5",18006,"2080s",-15.4685936477489,-32.6251334091857
"CM6.ssp5","ssp5",18006,"2080s",-11.7888482000967,-22.8684367134729
"CM7.ssp5","ssp5",18006,"2080s",-16.9896828659374,-24.8685682582933
"CM8.ssp5","ssp5",18006,"2080s",-10.454652887438,-12.430342454567
"CM9.ssp5","ssp5",18006,"2080s",-11.9677327549829,-15.5032332693975
"CM10.ssp5","ssp5",18006,"2080s",-8.36504779535741,-11.0030360392879
"CM11.ssp5","ssp5",18006,"2080s",-3.45412254173835,-14.2987870667471
"CM12.ssp5","ssp5",18006,"2080s",-10.2468232144388,-9.01786763998913
"CM1.ssp1","ssp1",18050,"2080s",-9.28908226247091,-14.0487971220182
"CM2.ssp1","ssp1",18050,"2080s",-3.1611326818382,-5.15186358341888
"CM3.ssp1","ssp1",18050,"2080s",-2.39648427711114,-7.91788158813053
"CM4.ssp1","ssp1",18050,"2080s",7.3638213324958,-9.40968849040984
"CM5.ssp1","ssp1",18050,"2080s",-3.72020324694068,-10.2141636629204
"CM6.ssp1","ssp1",18050,"2080s",-5.5659883341343,-11.9478603213599
"CM7.ssp1","ssp1",18050,"2080s",-12.4177530884883,-9.79106688453899
"CM8.ssp1","ssp1",18050,"2080s",-6.7919894073927,-12.0949766601778
"CM9.ssp1","ssp1",18050,"2080s",-4.90276636537935,-6.42832272125678
"CM10.ssp1","ssp1",18050,"2080s",4.88200593912795,0.912773726707091
"CM11.ssp1","ssp1",18050,"2080s",-1.82609854711868,-7.8642032459069
"CM12.ssp1","ssp1",18050,"2080s",-8.51773821278309,-5.82704006984345
"CM1.ssp3","ssp3",18050,"2080s",-14.6531754865257,-24.6943610218473
"CM2.ssp3","ssp3",18050,"2080s",-15.6877136054059,-21.4528888998614
"CM3.ssp3","ssp3",18050,"2080s",-14.8152691005538,-17.2341728918181
"CM4.ssp3","ssp3",18050,"2080s",-8.67965752208764,-18.6351508657353
"CM5.ssp3","ssp3",18050,"2080s",-18.5465556396669,-29.7441424640678
"CM6.ssp3","ssp3",18050,"2080s",-15.3445307336195,-20.0913434467783
"CM7.ssp3","ssp3",18050,"2080s",-18.0970916332094,-18.0503434747269
"CM8.ssp3","ssp3",18050,"2080s",-13.8318596932891,-14.6887305274078
"CM9.ssp3","ssp3",18050,"2080s",-15.1510255601136,-15.7462011194847
"CM10.ssp3","ssp3",18050,"2080s",-6.54774155438365,-8.84014465361554
"CM11.ssp3","ssp3",18050,"2080s",-6.14014748128021,-18.3323864085795
"CM12.ssp3","ssp3",18050,"2080s",-8.91590755289896,-7.69255882304234
"CM1.ssp5","ssp5",18050,"2080s",-19.3734695942528,-28.9360472220521
"CM2.ssp5","ssp5",18050,"2080s",-20.2043032541996,-24.9046743073773
"CM3.ssp5","ssp5",18050,"2080s",-12.5895034495675,-16.7437920392325
"CM4.ssp5","ssp5",18050,"2080s",-5.11122338900192,-18.6783570277521
"CM5.ssp5","ssp5",18050,"2080s",-19.9608972927638,-36.1440381015565
"CM6.ssp5","ssp5",18050,"2080s",-15.9050738304182,-24.8028717765188
"CM7.ssp5","ssp5",18050,"2080s",-22.2743219799397,-27.6721186575125
"CM8.ssp5","ssp5",18050,"2080s",-14.9529906381299,-12.4820934904289
"CM9.ssp5","ssp5",18050,"2080s",-15.0813505837804,-16.5233158107366
"CM10.ssp5","ssp5",18050,"2080s",-11.3140120118996,-12.4473612594455
"CM11.ssp5","ssp5",18050,"2080s",-5.77304099957375,-14.5844765620377
"CM12.ssp5","ssp5",18050,"2080s",-15.0308546473162,-10.9090701309701
"CM1.ssp1","ssp1",22006,"2080s",-12.0517986215129,-15.9704221712421
"CM2.ssp1","ssp1",22006,"2080s",-3.2848212514976,-6.68487510886506
"CM3.ssp1","ssp1",22006,"2080s",-4.8266144352105,-9.08072531323255
"CM4.ssp1","ssp1",22006,"2080s",1.1279947795283,-14.1189000217075
"CM5.ssp1","ssp1",22006,"2080s",-4.3532124497132,-11.189439868839
"CM6.ssp1","ssp1",22006,"2080s",-4.89011406844107,-11.5392390327292
"CM7.ssp1","ssp1",22006,"2080s",-16.6289205570913,-12.5043406644495
"CM8.ssp1","ssp1",22006,"2080s",-8.47887451507239,-12.9400111172673
"CM9.ssp1","ssp1",22006,"2080s",-5.42670848100382,-7.18948213133605
"CM10.ssp1","ssp1",22006,"2080s",3.47369387498899,-0.560267364641735
"CM11.ssp1","ssp1",22006,"2080s",-2.89368467724136,-7.65537969223292
"CM12.ssp1","ssp1",22006,"2080s",-13.9731359363325,-8.61994174860875
"CM1.ssp3","ssp3",22006,"2080s",-20.7910521332798,-29.4537890068557
"CM2.ssp3","ssp3",22006,"2080s",-19.3295787861746,-25.7735801470892
"CM3.ssp3","ssp3",22006,"2080s",-18.6745899129845,-18.8035664405135
"CM4.ssp3","ssp3",22006,"2080s",-17.9057518411485,-26.841180024232
"CM5.ssp3","ssp3",22006,"2080s",-23.182400072219,-33.3080190190765
"CM6.ssp3","ssp3",22006,"2080s",-17.5102661596958,-19.0352670690191
"CM7.ssp3","ssp3",22006,"2080s",-23.7626208407036,-23.0351309551544
"CM8.ssp3","ssp3",22006,"2080s",-17.1158693978595,-16.1904120563642
"CM9.ssp3","ssp3",22006,"2080s",-17.6414170361925,-15.6649972036386
"CM10.ssp3","ssp3",22006,"2080s",-11.6165164878199,-12.602860587526
"CM11.ssp3","ssp3",22006,"2080s",-7.14114110594812,-17.3281404765518
"CM12.ssp3","ssp3",22006,"2080s",-14.8544047820742,-10.3324699922134
"CM1.ssp5","ssp5",22006,"2080s",-25.5914441888159,-34.027994258761
"CM2.ssp5","ssp5",22006,"2080s",-26.2192543248381,-29.6666610546376
"CM3.ssp5","ssp5",22006,"2080s",-16.4208173337612,-18.5462079968107
"CM4.ssp5","ssp5",22006,"2080s",-14.2580249215376,-26.9225428329346
"CM5.ssp5","ssp5",22006,"2080s",-25.8541195090259,-41.2872661844701
"CM6.ssp5","ssp5",22006,"2080s",-17.8228136882129,-25.067529957791
"CM7.ssp5","ssp5",22006,"2080s",-29.0022180518336,-34.3248538034126
"CM8.ssp5","ssp5",22006,"2080s",-17.9313780246653,-14.7412134646094
"CM9.ssp5","ssp5",22006,"2080s",-17.6275048352483,-17.3901853890495
"CM10.ssp5","ssp5",22006,"2080s",-17.4516626475322,-16.4498753762547
"CM11.ssp5","ssp5",22006,"2080s",-6.79788388311549,-14.0967544062164
"CM12.ssp5","ssp5",22006,"2080s",-23.3111606925649,-15.8699505674895
"CM1.ssp1","ssp1",22035,"2080s",-10.6659977784939,-13.3928356594041
"CM2.ssp1","ssp1",22035,"2080s",-3.45580312790062,-6.52288935253845
"CM3.ssp1","ssp1",22035,"2080s",-4.96009037578302,-9.04671903197719
"CM4.ssp1","ssp1",22035,"2080s",1.31086278391642,-13.8871980596576
"CM5.ssp1","ssp1",22035,"2080s",-4.00689567260125,-11.5180799288167
"CM6.ssp1","ssp1",22035,"2080s",-3.75819529144255,-8.59508139350495
"CM7.ssp1","ssp1",22035,"2080s",-16.9836831269397,-12.0080730850546
"CM8.ssp1","ssp1",22035,"2080s",-8.66511479657633,-13.2750703331914
"CM9.ssp1","ssp1",22035,"2080s",-5.2028503100412,-7.599203036276
"CM10.ssp1","ssp1",22035,"2080s",3.3170298860897,-1.14143831944684
"CM11.ssp1","ssp1",22035,"2080s",-3.34483797643222,-8.22482235925736
"CM12.ssp1","ssp1",22035,"2080s",-14.6677069085558,-8.97377606794215
"CM1.ssp3","ssp3",22035,"2080s",-20.1030796541715,-27.0201685683756
"CM2.ssp3","ssp3",22035,"2080s",-20.5214515191986,-26.3821524153067
"CM3.ssp3","ssp3",22035,"2080s",-19.5162610827747,-18.9859078889725
"CM4.ssp3","ssp3",22035,"2080s",-18.8361698191352,-27.1230158317514
"CM5.ssp3","ssp3",22035,"2080s",-24.1378891714874,-34.1633047485517
"CM6.ssp3","ssp3",22035,"2080s",-14.6083640355825,-17.7812075783368
"CM7.ssp3","ssp3",22035,"2080s",-26.0360086810827,-24.3238816559415
"CM8.ssp3","ssp3",22035,"2080s",-17.7871570532713,-16.8801347890691
"CM9.ssp3","ssp3",22035,"2080s",-17.9366723816797,-15.7464200632142
"CM10.ssp3","ssp3",22035,"2080s",-12.4196590078128,-13.0183272364138
"CM11.ssp3","ssp3",22035,"2080s",-7.67706274173357,-17.4279357494714
"CM12.ssp3","ssp3",22035,"2080s",-15.6321691512317,-10.842625600445
"CM1.ssp5","ssp5",22035,"2080s",-25.6138765502646,-34.2751147407742
"CM2.ssp5","ssp5",22035,"2080s",-27.6135155739434,-30.5351213606431
"CM3.ssp5","ssp5",22035,"2080s",-17.1766876175446,-18.9427508365902
"CM4.ssp5","ssp5",22035,"2080s",-14.707979994679,-26.9567685006457
"CM5.ssp5","ssp5",22035,"2080s",-27.0199889523555,-42.3073274451765
"CM6.ssp5","ssp5",22035,"2080s",-17.2407872616162,-24.7456835573148
"CM7.ssp5","ssp5",22035,"2080s",-32.0156851144014,-36.2050479345008
"CM8.ssp5","ssp5",22035,"2080s",-18.4569915331314,-15.0781642015302
"CM9.ssp5","ssp5",22035,"2080s",-18.0094717032991,-17.8116070770399
"CM10.ssp5","ssp5",22035,"2080s",-18.3833394805348,-16.6691351612576
"CM11.ssp5","ssp5",22035,"2080s",-6.89577197352231,-14.4256525201439
"CM12.ssp5","ssp5",22035,"2080s",-24.8225087276624,-16.6852228644977
"CM1.ssp1","ssp1",23002,"2080s",-9.05316673783644,-12.9375607597897
"CM2.ssp1","ssp1",23002,"2080s",-3.35553270874073,-4.70609357425975
"CM3.ssp1","ssp1",23002,"2080s",-2.38544272006546,-7.83537951056953
"CM4.ssp1","ssp1",23002,"2080s",7.43120742484503,-8.74957926292655
"CM5.ssp1","ssp1",23002,"2080s",-3.87216075511883,-10.5064861438147
"CM6.ssp1","ssp1",23002,"2080s",-5.31543778522282,-11.1096071350887
"CM7.ssp1","ssp1",23002,"2080s",-12.275812187574,-8.99885029752454
"CM8.ssp1","ssp1",23002,"2080s",-6.77639668426029,-12.1372473053759
"CM9.ssp1","ssp1",23002,"2080s",-4.06294692466002,-6.08998439280139
"CM10.ssp1","ssp1",23002,"2080s",4.63958135187097,-0.060570944008705
"CM11.ssp1","ssp1",23002,"2080s",-1.95256291543314,-7.49168926353495
"CM12.ssp1","ssp1",23002,"2080s",-1.92690948722818,-4.19262325002405
"CM1.ssp3","ssp3",23002,"2080s",-14.1333663518793,-22.986600218074
"CM2.ssp3","ssp3",23002,"2080s",-15.5765965895831,-20.1564597877311
"CM3.ssp3","ssp3",23002,"2080s",-14.2584911424917,-16.848363738534
"CM4.ssp3","ssp3",23002,"2080s",-8.43240023760019,-17.9740621363956
"CM5.ssp3","ssp3",23002,"2080s",-17.6589656899908,-27.8464467516777
"CM6.ssp3","ssp3",23002,"2080s",-14.7191990998419,-18.8596786858023
"CM7.ssp3","ssp3",23002,"2080s",-17.6222265210476,-16.6926402097941
"CM8.ssp3","ssp3",23002,"2080s",-13.4643373957558,-14.4398525612299
"CM9.ssp3","ssp3",23002,"2080s",-14.2844613651993,-14.858677091642
"CM10.ssp3","ssp3",23002,"2080s",-9.08220704631827,-10.0128283362576
"CM11.ssp3","ssp3",23002,"2080s",-6.05483608730998,-17.69118154114
"CM12.ssp3","ssp3",23002,"2080s",-2.78883407544437,-4.52479959107518
"CM1.ssp5","ssp5",23002,"2080s",-18.543882123791,-26.9394427814386
"CM2.ssp5","ssp5",23002,"2080s",-19.721528886141,-23.1410269181487
"CM3.ssp5","ssp5",23002,"2080s",-12.0695137044114,-16.5377785181298
"CM4.ssp5","ssp5",23002,"2080s",-4.53839705039481,-17.9603241250782
"CM5.ssp5","ssp5",23002,"2080s",-19.1308351530743,-34.0107392982481
"CM6.ssp5","ssp5",23002,"2080s",-15.4039185152245,-23.1665499322918
"CM7.ssp5","ssp5",23002,"2080s",-21.5077361178947,-25.6695469698225
"CM8.ssp5","ssp5",23002,"2080s",-14.7311056693971,-11.9447199529829
"CM9.ssp5","ssp5",23002,"2080s",-14.2751785207074,-15.2625485799182
"CM10.ssp5","ssp5",23002,"2080s",-11.071561235861,-9.87008558206259
"CM11.ssp5","ssp5",23002,"2080s",-5.64271772065504,-14.0342732363391
"CM12.ssp5","ssp5",23002,"2080s",-8.9616470461272,-10.6724422065002
"CM1.ssp1","ssp1",24008,"2080s",-5.65745703653251,-7.68319998416291
"CM2.ssp1","ssp1",24008,"2080s",-1.570792175092,-4.45136496743937
"CM3.ssp1","ssp1",24008,"2080s",-0.410985136774087,-8.17449558114546
"CM4.ssp1","ssp1",24008,"2080s",5.42627913715069,-13.4033751203257
"CM5.ssp1","ssp1",24008,"2080s",-2.78474775050015,-9.95005275805735
"CM6.ssp1","ssp1",24008,"2080s",-3.1802992235588,-8.23639835504111
"CM7.ssp1","ssp1",24008,"2080s",-5.25014599961066,-6.14068532498088
"CM8.ssp1","ssp1",24008,"2080s",-1.45098039215686,-9.56289376066574
"CM9.ssp1","ssp1",24008,"2080s",0.238257805449853,-5.99945867346092
"CM10.ssp1","ssp1",24008,"2080s",3.06318547995729,-1.42898851313028
"CM11.ssp1","ssp1",24008,"2080s",0.352837638167827,-5.86680552602455
"CM12.ssp1","ssp1",24008,"2080s",1.79005092048571,-2.54574824455976
"CM1.ssp3","ssp3",24008,"2080s",-8.04643311913292,-13.9441911933101
"CM2.ssp3","ssp3",24008,"2080s",-7.57873329459618,-12.7081394400437
"CM3.ssp3","ssp3",24008,"2080s",-6.5212587831501,-11.9810169862849
"CM4.ssp3","ssp3",24008,"2080s",-3.07732272922557,-18.6381983041756
"CM5.ssp3","ssp3",24008,"2080s",-9.21974632146412,-18.1617076128178
"CM6.ssp3","ssp3",24008,"2080s",-6.82271176903219,-13.5875841658991
"CM7.ssp3","ssp3",24008,"2080s",-8.61553435857504,-9.32015381877501
"CM8.ssp3","ssp3",24008,"2080s",-5.84274509803921,-9.85743418777503
"CM9.ssp3","ssp3",24008,"2080s",-7.67572109990116,-11.5952661336256
"CM10.ssp3","ssp3",24008,"2080s",-4.2523536833932,-7.00300284764399
"CM11.ssp3","ssp3",24008,"2080s",-2.71026943231088,-12.5562011669381
"CM12.ssp3","ssp3",24008,"2080s",1.43360752056404,-3.00526770179639
"CM1.ssp5","ssp5",24008,"2080s",-9.55649658957426,-14.2416776018141
"CM2.ssp5","ssp5",24008,"2080s",-9.93085415456131,-13.0880640327017
"CM3.ssp5","ssp5",24008,"2080s",-4.91129693553376,-12.515484894458
"CM4.ssp5","ssp5",24008,"2080s",-1.15179793579584,-18.9772221046769
"CM5.ssp5","ssp5",24008,"2080s",-10.0749997536145,-22.1960113148272
"CM6.ssp5","ssp5",24008,"2080s",-7.14000128337389,-16.6433663722316
"CM7.ssp5","ssp5",24008,"2080s",-10.5789371228343,-13.9737527617901
"CM8.ssp5","ssp5",24008,"2080s",-6.54156862745098,-7.60824511714532
"CM9.ssp5","ssp5",24008,"2080s",-7.17896073759651,-11.1830402649323
"CM10.ssp5","ssp5",24008,"2080s",-5.22313889158498,-6.31696438720441
"CM11.ssp5","ssp5",24008,"2080s",-1.93979960114006,-9.26896048350883
"CM12.ssp5","ssp5",24008,"2080s",-2.3936545240893,-7.776510693772
"CM1.ssp1","ssp1",24030,"2080s",-5.4194581617707,-8.8254191693838
"CM2.ssp1","ssp1",24030,"2080s",-1.54548101833062,-4.23020196728602
"CM3.ssp1","ssp1",24030,"2080s",-0.304545878239722,-7.73543245808699
"CM4.ssp1","ssp1",24030,"2080s",5.27837718507278,-13.0898569402142
"CM5.ssp1","ssp1",24030,"2080s",-2.65199317336016,-10.7064358674561
"CM6.ssp1","ssp1",24030,"2080s",-3.00429448418543,-8.6435219160494
"CM7.ssp1","ssp1",24030,"2080s",-4.83244710355591,-6.25269757628783
"CM8.ssp1","ssp1",24030,"2080s",-1.4670131867897,-9.27473727809907
"CM9.ssp1","ssp1",24030,"2080s",0.487014443012737,-5.64158807834631
"CM10.ssp1","ssp1",24030,"2080s",3.22338444770743,-1.44249083796781
"CM11.ssp1","ssp1",24030,"2080s",0.379292541730807,-6.34760531085391
"CM12.ssp1","ssp1",24030,"2080s",2.02518455777733,-2.10371325738539
"CM1.ssp3","ssp3",24030,"2080s",-7.99785441037015,-15.7639421830472
"CM2.ssp3","ssp3",24030,"2080s",-7.34839031882808,-13.7716398861252
"CM3.ssp3","ssp3",24030,"2080s",-6.31416971136141,-12.2666858210622
"CM4.ssp3","ssp3",24030,"2080s",-3.03593749028339,-18.9512824402474
"CM5.ssp3","ssp3",24030,"2080s",-9.07995234232563,-20.237217714055
"CM6.ssp3","ssp3",24030,"2080s",-6.63047454511361,-14.7483219008935
"CM7.ssp3","ssp3",24030,"2080s",-8.25173889983906,-10.6792656679027
"CM8.ssp3","ssp3",24030,"2080s",-5.55932834511206,-10.7771114920136
"CM9.ssp3","ssp3",24030,"2080s",-6.64809095719713,-11.611575400713
"CM10.ssp3","ssp3",24030,"2080s",-4.0541317872875,-8.47194783128733
"CM11.ssp3","ssp3",24030,"2080s",-2.66320799574414,-14.1558658577784
"CM12.ssp3","ssp3",24030,"2080s",1.65408860601372,-2.02468660316729
"CM1.ssp5","ssp5",24030,"2080s",-9.40263157490276,-16.0904902310808
"CM2.ssp5","ssp5",24030,"2080s",-9.72215935324419,-14.3963604011929
"CM3.ssp5","ssp5",24030,"2080s",-4.82521083651556,-13.033859531936
"CM4.ssp5","ssp5",24030,"2080s",-1.03726827812222,-19.3334942149503
"CM5.ssp5","ssp5",24030,"2080s",-9.95091627552515,-23.9978155811969
"CM6.ssp5","ssp5",24030,"2080s",-6.95202289571812,-18.1309192089619
"CM7.ssp5","ssp5",24030,"2080s",-10.1689738021461,-15.801867430585
"CM8.ssp5","ssp5",24030,"2080s",-6.36936745834205,-8.12284528415805
"CM9.ssp5","ssp5",24030,"2080s",-5.70156687703856,-8.4946995821591
"CM10.ssp5","ssp5",24030,"2080s",-5.02656635533824,-7.55050212765683
"CM11.ssp5","ssp5",24030,"2080s",-1.99030505038141,-10.6915067605657
"CM12.ssp5","ssp5",24030,"2080s",-2.36215674386153,-6.84114857071654
"CM1.ssp1","ssp1",25001,"2080s",-0.704630299327488,-7.94533785053484
"CM2.ssp1","ssp1",25001,"2080s",-4.99531987650063,-5.27901171042601
"CM3.ssp1","ssp1",25001,"2080s",-3.50970745844178,-8.82267599558329
"CM4.ssp1","ssp1",25001,"2080s",-0.549356515037317,-10.0906918709966
"CM5.ssp1","ssp1",25001,"2080s",-3.58648425881029,-9.72277084909558
"CM6.ssp1","ssp1",25001,"2080s",-4.83832299188388,-10.6606535829492
"CM7.ssp1","ssp1",25001,"2080s",-5.79795097287466,-5.36297448593923
"CM8.ssp1","ssp1",25001,"2080s",-3.4115273679121,-11.183771184767
"CM9.ssp1","ssp1",25001,"2080s",-0.509107077636449,-5.88295675002176
"CM10.ssp1","ssp1",25001,"2080s",4.46606511928319,-3.08031734207219
"CM11.ssp1","ssp1",25001,"2080s",-1.76672070878908,-7.71171177748858
"CM12.ssp1","ssp1",25001,"2080s",-3.07956871784465,-4.81137810105151
"CM1.ssp3","ssp3",25001,"2080s",-9.14312283523286,-16.7470026154592
"CM2.ssp3","ssp3",25001,"2080s",-14.4849553641953,-16.6883294090498
"CM3.ssp3","ssp3",25001,"2080s",-11.1876348103336,-15.0921473003063
"CM4.ssp3","ssp3",25001,"2080s",-9.35084806274474,-15.9594379870166
"CM5.ssp3","ssp3",25001,"2080s",-14.6004008268247,-23.8866434665434
"CM6.ssp3","ssp3",25001,"2080s",-11.8428258794548,-16.7613004476706
"CM7.ssp3","ssp3",25001,"2080s",-10.9991675382612,-14.0334686235291
"CM8.ssp3","ssp3",25001,"2080s",-9.92691886604756,-13.4374624072131
"CM9.ssp3","ssp3",25001,"2080s",-12.4748701824591,-14.0175095627571
"CM10.ssp3","ssp3",25001,"2080s",-6.26260635866784,-11.0216844699946
"CM11.ssp3","ssp3",25001,"2080s",-5.56824149978307,-15.3502400928862
"CM12.ssp3","ssp3",25001,"2080s",-2.85738844608185,-5.67358155768531
"CM1.ssp5","ssp5",25001,"2080s",-12.1575119385083,-20.1259426286343
"CM2.ssp5","ssp5",25001,"2080s",-17.8344407655414,-19.5345108534107
"CM3.ssp5","ssp5",25001,"2080s",-9.67915210255364,-15.0248333836977
"CM4.ssp5","ssp5",25001,"2080s",-7.2788445245882,-16.2606726133839
"CM5.ssp5","ssp5",25001,"2080s",-15.7450103128348,-29.1515091378839
"CM6.ssp5","ssp5",25001,"2080s",-12.1971337942689,-20.7600633522377
"CM7.ssp5","ssp5",25001,"2080s",-14.341274284923,-17.6065753395186
"CM8.ssp5","ssp5",25001,"2080s",-10.6978553604873,-12.0882296492954
"CM9.ssp5","ssp5",25001,"2080s",-12.26546826947,-13.7145447848054
"CM10.ssp5","ssp5",25001,"2080s",-9.5264316577793,-11.7597602096363
"CM11.ssp5","ssp5",25001,"2080s",-4.98390153677528,-12.3386327450227
"CM12.ssp5","ssp5",25001,"2080s",-7.64307751229908,-11.8850164141991
"CM1.ssp1","ssp1",25002,"2080s",-0.459569319191567,-17.2690396807447
"CM2.ssp1","ssp1",25002,"2080s",-20.7236417945575,-9.3244071555156
"CM3.ssp1","ssp1",25002,"2080s",1.18357663510022,-14.3828728285945
"CM4.ssp1","ssp1",25002,"2080s",71.4062374918182,10.609763566338
"CM5.ssp1","ssp1",25002,"2080s",-12.8678721720884,-18.68958495724
"CM6.ssp1","ssp1",25002,"2080s",-19.9937275740431,-23.3936995558708
"CM7.ssp1","ssp1",25002,"2080s",-24.0354538118054,-13.27418110574
"CM8.ssp1","ssp1",25002,"2080s",-18.0568576159874,-18.8900182185595
"CM9.ssp1","ssp1",25002,"2080s",-2.4670754073798,-9.02408692579803
"CM10.ssp1","ssp1",25002,"2080s",20.5156912152102,-2.59882509802985
"CM11.ssp1","ssp1",25002,"2080s",15.7971655907655,1.63633619052308
"CM12.ssp1","ssp1",25002,"2080s",-12.037088634606,-11.6565514196201
"CM1.ssp3","ssp3",25002,"2080s",-37.9861985517932,-37.4253109456567
"CM2.ssp3","ssp3",25002,"2080s",-54.9560184851931,-42.002994909849
"CM3.ssp3","ssp3",25002,"2080s",-39.5231182570679,-29.7180184987916
"CM4.ssp3","ssp3",25002,"2080s",-5.82106256170702,-7.43397619923193
"CM5.ssp3","ssp3",25002,"2080s",-58.7568846437567,-56.9143637114094
"CM6.ssp3","ssp3",25002,"2080s",-50.0513702809795,-39.0126141824676
"CM7.ssp3","ssp3",25002,"2080s",-42.2420283550443,-34.3491530509622
"CM8.ssp3","ssp3",25002,"2080s",-39.6399398333636,-33.658664933023
"CM9.ssp3","ssp3",25002,"2080s",-45.3058057653932,-31.7573936356408
"CM10.ssp3","ssp3",25002,"2080s",-23.8440613904478,-21.3578097111202
"CM11.ssp3","ssp3",25002,"2080s",-33.0759642658443,-31.7605785514086
"CM12.ssp3","ssp3",25002,"2080s",-12.0703598043386,-15.0404764402075
"CM1.ssp5","ssp5",25002,"2080s",-51.0265384464134,-49.3604762031029
"CM2.ssp5","ssp5",25002,"2080s",-65.2146371783228,-51.1905731360509
"CM3.ssp5","ssp5",25002,"2080s",-24.5933731069298,-26.329210944728
"CM4.ssp5","ssp5",25002,"2080s",21.2457207974346,-5.93127498411436
"CM5.ssp5","ssp5",25002,"2080s",-64.4991293260418,-64.6482486021999
"CM6.ssp5","ssp5",25002,"2080s",-51.4230196553272,-44.8859997401782
"CM7.ssp5","ssp5",25002,"2080s",-56.1214549271016,-45.6790177373801
"CM8.ssp5","ssp5",25002,"2080s",-43.0702709266672,-30.8589162572449
"CM9.ssp5","ssp5",25002,"2080s",-44.0029675085738,-31.1310878067199
"CM10.ssp5","ssp5",25002,"2080s",-32.8719084136675,-28.0625119195832
"CM11.ssp5","ssp5",25002,"2080s",-27.5410269690766,-26.0959339986671
"CM12.ssp5","ssp5",25002,"2080s",-31.470014189641,-25.7537890522053
"CM1.ssp1","ssp1",25006,"2080s",-6.1224550634902,-18.0470738969173
"CM2.ssp1","ssp1",25006,"2080s",5.2853316905857,0.78283273665838
"CM3.ssp1","ssp1",25006,"2080s",-7.89114826640087,-9.76942362619781
"CM4.ssp1","ssp1",25006,"2080s",-4.95069436426666,-21.0875151307624
"CM5.ssp1","ssp1",25006,"2080s",-5.88853407378429,-20.1498415181847
"CM6.ssp1","ssp1",25006,"2080s",-22.3434540298475,-18.8602481876348
"CM7.ssp1","ssp1",25006,"2080s",-10.3791800832808,-10.1396596609791
"CM8.ssp1","ssp1",25006,"2080s",-17.0591974593863,-19.6843280614736
"CM9.ssp1","ssp1",25006,"2080s",-1.9001055354758,-0.57437569785371
"CM10.ssp1","ssp1",25006,"2080s",12.4602648695075,-1.40020221943041
"CM11.ssp1","ssp1",25006,"2080s",25.2405918263724,2.24590042265735
"CM12.ssp1","ssp1",25006,"2080s",-6.25744950926574,-9.42364616763347
"CM1.ssp3","ssp3",25006,"2080s",-29.6213542885506,-34.0540436816747
"CM2.ssp3","ssp3",25006,"2080s",-21.161348084671,-21.9166161534588
"CM3.ssp3","ssp3",25006,"2080s",-31.1308509997426,-21.2688254020289
"CM4.ssp3","ssp3",25006,"2080s",-28.0413036463375,-33.7659554535921
"CM5.ssp3","ssp3",25006,"2080s",-35.1740092678772,-46.7980268838516
"CM6.ssp3","ssp3",25006,"2080s",-34.3059859193483,-32.0874434069492
"CM7.ssp3","ssp3",25006,"2080s",-35.1398203266362,-29.1634351905266
"CM8.ssp3","ssp3",25006,"2080s",-29.648318083145,-22.4292007708674
"CM9.ssp3","ssp3",25006,"2080s",-32.0465988860443,-26.7080152491121
"CM10.ssp3","ssp3",25006,"2080s",-17.7906606323651,-19.5643953132584
"CM11.ssp3","ssp3",25006,"2080s",-21.559979689917,-29.2485912076993
"CM12.ssp3","ssp3",25006,"2080s",-7.98803681872296,-12.5951978182113
"CM1.ssp5","ssp5",25006,"2080s",-40.2505261526171,-41.3671178707866
"CM2.ssp5","ssp5",25006,"2080s",-37.9248329119971,-32.6554761186074
"CM3.ssp5","ssp5",25006,"2080s",-21.0452526602299,-22.1604947697566
"CM4.ssp5","ssp5",25006,"2080s",-20.4567321213413,-34.7725507739336
"CM5.ssp5","ssp5",25006,"2080s",-41.162396880389,-51.6608261545739
"CM6.ssp5","ssp5",25006,"2080s",-40.605051953882,-45.5287365538595
"CM7.ssp5","ssp5",25006,"2080s",-41.4075471646031,-38.3305006913963
"CM8.ssp5","ssp5",25006,"2080s",-27.3387651963357,-15.4120426986498
"CM9.ssp5","ssp5",25006,"2080s",-35.9785944681363,-28.3527716531053
"CM10.ssp5","ssp5",25006,"2080s",-25.8693340896169,-29.6588377150367
"CM11.ssp5","ssp5",25006,"2080s",-17.1053408433408,-20.5984398367427
"CM12.ssp5","ssp5",25006,"2080s",-22.2277069601324,-18.9852093811371
"CM1.ssp1","ssp1",25030,"2080s",-0.785320906587594,-7.90452230526321
"CM2.ssp1","ssp1",25030,"2080s",-2.53659972986295,-5.29211305592649
"CM3.ssp1","ssp1",25030,"2080s",0.237505606146289,-7.29486712034286
"CM4.ssp1","ssp1",25030,"2080s",22.0860224483803,-2.27856726199873
"CM5.ssp1","ssp1",25030,"2080s",-3.607560813168,-10.4798027237563
"CM6.ssp1","ssp1",25030,"2080s",-6.64377963478639,-9.59432491094678
"CM7.ssp1","ssp1",25030,"2080s",-5.53957808300408,-4.33711569894407
"CM8.ssp1","ssp1",25030,"2080s",-3.2056626545324,-11.1509176657308
"CM9.ssp1","ssp1",25030,"2080s",-0.477078717988473,-5.7507637103869
"CM10.ssp1","ssp1",25030,"2080s",3.33164951652234,-0.924329361345517
"CM11.ssp1","ssp1",25030,"2080s",0.382042047028471,-0.632227360927252
"CM12.ssp1","ssp1",25030,"2080s",-0.491946392672512,-3.99973490476483
"CM1.ssp3","ssp3",25030,"2080s",-8.63905952128787,-17.2432182695912
"CM2.ssp3","ssp3",25030,"2080s",-11.7110173668679,-17.1824496358687
"CM3.ssp3","ssp3",25030,"2080s",-8.12653965901631,-13.5226198029792
"CM4.ssp3","ssp3",25030,"2080s",3.16262518752384,-11.122343921159
"CM5.ssp3","ssp3",25030,"2080s",-13.7436173924075,-24.3172291857297
"CM6.ssp3","ssp3",25030,"2080s",-10.7483721576918,-14.3610713682404
"CM7.ssp3","ssp3",25030,"2080s",-10.5474092646424,-14.0053380117179
"CM8.ssp3","ssp3",25030,"2080s",-9.5556642854813,-13.7662474442809
"CM9.ssp3","ssp3",25030,"2080s",-11.9471001474025,-14.0044526270966
"CM10.ssp3","ssp3",25030,"2080s",-7.05844040955211,-8.95042437111364
"CM11.ssp3","ssp3",25030,"2080s",-5.71903370641406,-13.9279322242157
"CM12.ssp3","ssp3",25030,"2080s",-0.700846302536064,-4.49657156519827
"CM1.ssp5","ssp5",25030,"2080s",-11.4440796441432,-20.4524640142074
"CM2.ssp5","ssp5",25030,"2080s",-14.9977275200522,-18.8844598464094
"CM3.ssp5","ssp5",25030,"2080s",-6.71840570949438,-13.129166043494
"CM4.ssp5","ssp5",25030,"2080s",9.71669118262595,-10.1886586093797
"CM5.ssp5","ssp5",25030,"2080s",-14.8879938261816,-29.1263476212664
"CM6.ssp5","ssp5",25030,"2080s",-12.4142223585164,-21.6026105284148
"CM7.ssp5","ssp5",25030,"2080s",-13.7190700552372,-17.5415438952911
"CM8.ssp5","ssp5",25030,"2080s",-10.2858074827935,-12.0218081301651
"CM9.ssp5","ssp5",25030,"2080s",-11.6790502231041,-14.1072327628485
"CM10.ssp5","ssp5",25030,"2080s",-8.52207894109291,-8.83973349776323
"CM11.ssp5","ssp5",25030,"2080s",-4.57831071259605,-8.5942648769249
"CM12.ssp5","ssp5",25030,"2080s",-5.70928611679567,-9.90139474583106
"CM1.ssp1","ssp1",25034,"2080s",-2.82928169207527,-7.37051554073508
"CM2.ssp1","ssp1",25034,"2080s",0.417306690751365,0.0486028598336832
"CM3.ssp1","ssp1",25034,"2080s",-0.767369977153611,-8.60917637198924
"CM4.ssp1","ssp1",25034,"2080s",-1.78261887235364,-12.4760131924034
"CM5.ssp1","ssp1",25034,"2080s",-2.17089226004727,-10.4657242765793
"CM6.ssp1","ssp1",25034,"2080s",-5.12594466913869,-9.24932191641458
"CM7.ssp1","ssp1",25034,"2080s",-6.26753349357578,-6.31741463946557
"CM8.ssp1","ssp1",25034,"2080s",-4.32602840963945,-10.6429586664329
"CM9.ssp1","ssp1",25034,"2080s",-0.0309909351514634,-3.17517569292847
"CM10.ssp1","ssp1",25034,"2080s",3.20789116288161,-3.99011284725942
"CM11.ssp1","ssp1",25034,"2080s",4.73817154652616,-0.674811972850628
"CM12.ssp1","ssp1",25034,"2080s",-0.0558041376231585,-3.94743780419979
"CM1.ssp3","ssp3",25034,"2080s",-7.64318088174701,-16.4459919730381
"CM2.ssp3","ssp3",25034,"2080s",-6.19103812455911,-9.99976437585647
"CM3.ssp3","ssp3",25034,"2080s",-7.11329122429782,-10.6945345952258
"CM4.ssp3","ssp3",25034,"2080s",-7.36487884636913,-15.4882944380302
"CM5.ssp3","ssp3",25034,"2080s",-7.93875115374084,-24.4178822950787
"CM6.ssp3","ssp3",25034,"2080s",-7.94026797310848,-14.450250204312
"CM7.ssp3","ssp3",25034,"2080s",-10.365098388425,-11.8451180926749
"CM8.ssp3","ssp3",25034,"2080s",-6.76951040477244,-9.84651678716283
"CM9.ssp3","ssp3",25034,"2080s",-8.34301800056816,-10.5444809515862
"CM10.ssp3","ssp3",25034,"2080s",-3.82999086733369,-10.8126371721884
"CM11.ssp3","ssp3",25034,"2080s",-5.41311315117604,-12.520344822913
"CM12.ssp3","ssp3",25034,"2080s",-0.234377378017228,-4.02561930970581
"CM1.ssp5","ssp5",25034,"2080s",-8.68699354484274,-16.4406694946416
"CM2.ssp5","ssp5",25034,"2080s",-9.3290789586451,-11.5589253757612
"CM3.ssp5","ssp5",25034,"2080s",-4.24942884020965,-10.2388266366088
"CM4.ssp5","ssp5",25034,"2080s",-5.06223052942594,-15.4887834230762
"CM5.ssp5","ssp5",25034,"2080s",-8.78263015717924,-27.4228013893435
"CM6.ssp5","ssp5",25034,"2080s",-9.34541074180502,-20.0154068742233
"CM7.ssp5","ssp5",25034,"2080s",-11.5006327122264,-12.9112890981204
"CM8.ssp5","ssp5",25034,"2080s",-6.42595816785457,-7.17834146980749
"CM9.ssp5","ssp5",25034,"2080s",-9.59169442937939,-10.9965848191622
"CM10.ssp5","ssp5",25034,"2080s",-6.03261473965161,-10.5789662717419
"CM11.ssp5","ssp5",25034,"2080s",-4.21125536422401,-7.54017108843946
"CM12.ssp5","ssp5",25034,"2080s",-3.62456329034725,-9.69673178985693
"CM1.ssp1","ssp1",26021,"2080s",-3.12787356321839,-7.8894150972853
"CM2.ssp1","ssp1",26021,"2080s",0.0170061534510441,-0.284751346313733
"CM3.ssp1","ssp1",26021,"2080s",-1.08485575227481,-7.7486740444767
"CM4.ssp1","ssp1",26021,"2080s",-1.64672102167416,-11.9636537526729
"CM5.ssp1","ssp1",26021,"2080s",-2.40842165161106,-10.6639553400837
"CM6.ssp1","ssp1",26021,"2080s",-5.28032072954678,-8.70042693177194
"CM7.ssp1","ssp1",26021,"2080s",-6.41423734991274,-6.09383349347764
"CM8.ssp1","ssp1",26021,"2080s",-4.48401061304286,-9.93808677882602
"CM9.ssp1","ssp1",26021,"2080s",0.096506205416498,-2.62882683020605
"CM10.ssp1","ssp1",26021,"2080s",3.48318787870278,-3.18730651195712
"CM11.ssp1","ssp1",26021,"2080s",4.69021424435437,-0.716841262562309
"CM12.ssp1","ssp1",26021,"2080s",-0.911914172783732,-3.76187994559343
"CM1.ssp3","ssp3",26021,"2080s",-8.10201149425288,-16.8236129717676
"CM2.ssp3","ssp3",26021,"2080s",-6.43283784112088,-9.74275389350174
"CM3.ssp3","ssp3",26021,"2080s",-7.42893418917966,-10.1595707971254
"CM4.ssp3","ssp3",26021,"2080s",-7.30649867326641,-15.2848835579062
"CM5.ssp3","ssp3",26021,"2080s",-8.05889465822604,-24.0791739073416
"CM6.ssp3","ssp3",26021,"2080s",-7.96247803101421,-14.047103010528
"CM7.ssp3","ssp3",26021,"2080s",-10.6969376239775,-12.0298995589862
"CM8.ssp3","ssp3",26021,"2080s",-7.00460829493087,-9.30364247703996
"CM9.ssp3","ssp3",26021,"2080s",-8.77126679579152,-10.7229965836872
"CM10.ssp3","ssp3",26021,"2080s",-4.13474973144136,-10.3680375430166
"CM11.ssp3","ssp3",26021,"2080s",-5.3964986024434,-12.4972463676307
"CM12.ssp3","ssp3",26021,"2080s",-1.19424054206663,-3.98574609800782
"CM1.ssp5","ssp5",26021,"2080s",-9.0948275862069,-16.8209859194229
"CM2.ssp5","ssp5",26021,"2080s",-9.43841516532411,-11.4599659836616
"CM3.ssp5","ssp5",26021,"2080s",-4.79085843267264,-10.1925355617875
"CM4.ssp5","ssp5",26021,"2080s",-5.13515540460911,-15.4728093399466
"CM5.ssp5","ssp5",26021,"2080s",-9.00633046447116,-27.0407350058657
"CM6.ssp5","ssp5",26021,"2080s",-9.65364879267629,-19.5877700084081
"CM7.ssp5","ssp5",26021,"2080s",-11.8366545872556,-12.9881257700775
"CM8.ssp5","ssp5",26021,"2080s",-6.87334171205138,-6.61850242463583
"CM9.ssp5","ssp5",26021,"2080s",-9.93608994648293,-11.1046494983621
"CM10.ssp5","ssp5",26021,"2080s",-6.52755446649862,-10.3113700153213
"CM11.ssp5","ssp5",26021,"2080s",-4.28131277388178,-7.69239490640428
"CM12.ssp5","ssp5",26021,"2080s",-4.70214568040655,-9.37847314166568
"CM1.ssp1","ssp1",26058,"2080s",-3.21527567099432,-7.53850353107806
"CM2.ssp1","ssp1",26058,"2080s",-0.235049811138473,0.0621051708163055
"CM3.ssp1","ssp1",26058,"2080s",-1.27728101137775,-6.16831448732269
"CM4.ssp1","ssp1",26058,"2080s",-4.5305900684791,-7.48151074376306
"CM5.ssp1","ssp1",26058,"2080s",-2.58552453516221,-10.4615742277558
"CM6.ssp1","ssp1",26058,"2080s",-7.14115881388706,-7.44611666806376
"CM7.ssp1","ssp1",26058,"2080s",-6.75312395655086,-6.44852860657903
"CM8.ssp1","ssp1",26058,"2080s",-4.68315655148412,-10.5200668599499
"CM9.ssp1","ssp1",26058,"2080s",0.121333845577751,-2.61992786017676
"CM10.ssp1","ssp1",26058,"2080s",3.84293229651904,-3.14192508050948
"CM11.ssp1","ssp1",26058,"2080s",-0.572177805707815,-6.91885460372211
"CM12.ssp1","ssp1",26058,"2080s",-0.878889788607189,-3.84203985114786
"CM1.ssp3","ssp3",26058,"2080s",-8.49921822127838,-17.059691021608
"CM2.ssp3","ssp3",26058,"2080s",-7.03929365539805,-10.2278009937371
"CM3.ssp3","ssp3",26058,"2080s",-8.30425360327477,-10.215588028894
"CM4.ssp3","ssp3",26058,"2080s",-9.89230942715381,-11.8854803752241
"CM5.ssp3","ssp3",26058,"2080s",-8.82030017209594,-24.5755313551329
"CM6.ssp3","ssp3",26058,"2080s",-8.1438019169731,-13.288526001859
"CM7.ssp3","ssp3",26058,"2080s",-11.2535654795306,-12.5928264271697
"CM8.ssp3","ssp3",26058,"2080s",-7.4658481296031,-10.2878619934124
"CM9.ssp3","ssp3",26058,"2080s",-9.05700016048164,-11.1331345289833
"CM10.ssp3","ssp3",26058,"2080s",-4.20085183834138,-10.4039022865324
"CM11.ssp3","ssp3",26058,"2080s",-5.04977623645361,-14.1826228470752
"CM12.ssp3","ssp3",26058,"2080s",-1.25265807389749,-4.07924489193095
"CM1.ssp5","ssp5",26058,"2080s",-9.54418281435153,-17.2049075128607
"CM2.ssp5","ssp5",26058,"2080s",-10.3055896538244,-12.1574491501567
"CM3.ssp5","ssp5",26058,"2080s",-5.6140122892914,-10.3003933610298
"CM4.ssp5","ssp5",26058,"2080s",-7.84306187722967,-13.1523833896038
"CM5.ssp5","ssp5",26058,"2080s",-9.80461748229251,-27.6160704185711
"CM6.ssp5","ssp5",26058,"2080s",-10.3035731583509,-19.9507177893455
"CM7.ssp5","ssp5",26058,"2080s",-12.4884411871824,-13.753989810158
"CM8.ssp5","ssp5",26058,"2080s",-7.38909460311091,-7.20488777930147
"CM9.ssp5","ssp5",26058,"2080s",-10.3914293078378,-11.4033643766419
"CM10.ssp5","ssp5",26058,"2080s",-6.68035980065305,-10.4058418500692
"CM11.ssp5","ssp5",26058,"2080s",-5.26390650679308,-10.1710726025679
"CM12.ssp5","ssp5",26058,"2080s",-4.98016343775226,-9.53269567470725
"CM1.ssp1","ssp1",27002,"2080s",2.45217047170106,-23.9926394255454
"CM2.ssp1","ssp1",27002,"2080s",-6.56842032348561,-7.02218911406617
"CM3.ssp1","ssp1",27002,"2080s",0.750907196493364,-10.5193241308429
"CM4.ssp1","ssp1",27002,"2080s",105.995295282902,25.3596675243466
"CM5.ssp1","ssp1",27002,"2080s",-14.9798733818388,-25.909225157245
"CM6.ssp1","ssp1",27002,"2080s",-30.5032258064516,-25.1057504927631
"CM7.ssp1","ssp1",27002,"2080s",-22.4193945360571,-5.4578703262787
"CM8.ssp1","ssp1",27002,"2080s",-15.1433307726519,-22.6930467461899
"CM9.ssp1","ssp1",27002,"2080s",-5.78068325926153,-9.26155476631775
"CM10.ssp1","ssp1",27002,"2080s",20.131401170954,2.65536033544589
"CM11.ssp1","ssp1",27002,"2080s",-0.0669521364474802,-3.16771572768755
"CM12.ssp1","ssp1",27002,"2080s",-10.6994232001709,-5.43113813780272
"CM1.ssp3","ssp3",27002,"2080s",-33.3361792784725,-44.3926648955864
"CM2.ssp3","ssp3",27002,"2080s",-45.7453449761242,-42.5839838195065
"CM3.ssp3","ssp3",27002,"2080s",-32.7436855531204,-26.7561706877504
"CM4.ssp3","ssp3",27002,"2080s",10.6113656060418,0.937433408614972
"CM5.ssp3","ssp3",27002,"2080s",-55.1321931399414,-60.3106912615057
"CM6.ssp3","ssp3",27002,"2080s",-43.15,-37.9335847214405
"CM7.ssp3","ssp3",27002,"2080s",-41.9521113884884,-36.4231819324082
"CM8.ssp3","ssp3",27002,"2080s",-38.1948543780913,-39.7064402970408
"CM9.ssp3","ssp3",27002,"2080s",-44.3814780694823,-33.5163467806775
"CM10.ssp3","ssp3",27002,"2080s",-25.056295864572,-19.3667262678643
"CM11.ssp3","ssp3",27002,"2080s",-28.0616152323335,-34.2894031004168
"CM12.ssp3","ssp3",27002,"2080s",1.14078188421277,-10.2836872494817
"CM1.ssp5","ssp5",27002,"2080s",-48.6214019567911,-55.6045318140956
"CM2.ssp5","ssp5",27002,"2080s",-56.1595608353825,-49.59444614835
"CM3.ssp5","ssp5",27002,"2080s",-25.3301835950131,-26.0042688869442
"CM4.ssp5","ssp5",27002,"2080s",46.7237835830135,2.39998001472918
"CM5.ssp5","ssp5",27002,"2080s",-62.249645658131,-65.6124208295309
"CM6.ssp5","ssp5",27002,"2080s",-51.2290322580645,-48.8299814111261
"CM7.ssp5","ssp5",27002,"2080s",-53.2980556239232,-46.2052163485843
"CM8.ssp5","ssp5",27002,"2080s",-42.3100940264244,-35.8359060679536
"CM9.ssp5","ssp5",27002,"2080s",-36.9819568058034,-23.970500819339
"CM10.ssp5","ssp5",27002,"2080s",-30.3593221536369,-25.4064656027555
"CM11.ssp5","ssp5",27002,"2080s",-20.8406105649508,-26.2404274791134
"CM12.ssp5","ssp5",27002,"2080s",-24.3399273659474,-20.0359854613761
"CM1.ssp1","ssp1",30007,"2080s",-0.975904640963325,-7.23560964725267
"CM2.ssp1","ssp1",30007,"2080s",1.24228032785729,-2.10580991452701
"CM3.ssp1","ssp1",30007,"2080s",-0.150946157235322,-6.90084831699372
"CM4.ssp1","ssp1",30007,"2080s",0.925720376507174,-14.7397982606531
"CM5.ssp1","ssp1",30007,"2080s",-2.84109766738084,-10.9538390133117
"CM6.ssp1","ssp1",30007,"2080s",-5.80896275532554,-8.99070741233882
"CM7.ssp1","ssp1",30007,"2080s",-4.79286444776112,-1.92358207395275
"CM8.ssp1","ssp1",30007,"2080s",-6.64464730703024,-12.214375534274
"CM9.ssp1","ssp1",30007,"2080s",0.100543984528848,-3.98469791989927
"CM10.ssp1","ssp1",30007,"2080s",3.46879160967433,-0.112970132944032
"CM11.ssp1","ssp1",30007,"2080s",0.35828395316053,-0.544540346388681
"CM12.ssp1","ssp1",30007,"2080s",-0.169691714851464,-3.22204846628138
"CM1.ssp3","ssp3",30007,"2080s",-7.63448407369391,-17.0023936676092
"CM2.ssp3","ssp3",30007,"2080s",-9.10699882975295,-14.4598859828189
"CM3.ssp3","ssp3",30007,"2080s",-7.33464715341634,-12.5729633922923
"CM4.ssp3","ssp3",30007,"2080s",-6.76983614965719,-20.6868789908159
"CM5.ssp3","ssp3",30007,"2080s",-10.3017681584329,-26.0098903775272
"CM6.ssp3","ssp3",30007,"2080s",-9.13821869965601,-13.9592361619812
"CM7.ssp3","ssp3",30007,"2080s",-9.78433415037526,-12.4474687733047
"CM8.ssp3","ssp3",30007,"2080s",-10.9402867281054,-8.8405140780222
"CM9.ssp3","ssp3",30007,"2080s",-9.0318676699509,-10.210732332959
"CM10.ssp3","ssp3",30007,"2080s",-5.91444399806469,-8.34853158432415
"CM11.ssp3","ssp3",30007,"2080s",-5.02300368786077,-14.2302493238581
"CM12.ssp3","ssp3",30007,"2080s",-0.318102743784498,-3.15777705437985
"CM1.ssp5","ssp5",30007,"2080s",-10.0960325220404,-19.4836815970095
"CM2.ssp5","ssp5",30007,"2080s",-11.4061070748605,-17.17859813034
"CM3.ssp5","ssp5",30007,"2080s",-6.0857227839625,-12.6022629496023
"CM4.ssp5","ssp5",30007,"2080s",-5.37248003462135,-20.7749680287287
"CM5.ssp5","ssp5",30007,"2080s",-11.2228625537231,-29.1527938904479
"CM6.ssp5","ssp5",30007,"2080s",-10.8974803970148,-20.6737044942856
"CM7.ssp5","ssp5",30007,"2080s",-12.339389567648,-15.1161456116759
"CM8.ssp5","ssp5",30007,"2080s",-10.1877342016791,-7.42405629752212
"CM9.ssp5","ssp5",30007,"2080s",-10.8465865086294,-11.5558579340734
"CM10.ssp5","ssp5",30007,"2080s",-7.44153631106336,-8.49741126137009
"CM11.ssp5","ssp5",30007,"2080s",-4.01641562554278,-8.91203397717037
"CM12.ssp5","ssp5",30007,"2080s",-5.48251894301983,-8.25025405108666
"CM1.ssp1","ssp1",32012,"2080s",-1.42038564472011,-6.26563692340516
"CM2.ssp1","ssp1",32012,"2080s",-0.790822692888326,-1.28387860979588
"CM3.ssp1","ssp1",32012,"2080s",0.264483415036821,-7.16100887598256
"CM4.ssp1","ssp1",32012,"2080s",4.49162747136256,-14.360349109738
"CM5.ssp1","ssp1",32012,"2080s",-5.20052526750316,-12.6796415995645
"CM6.ssp1","ssp1",32012,"2080s",-7.89836319026653,-7.52818157048919
"CM7.ssp1","ssp1",32012,"2080s",-8.86590819136484,-4.49753607565772
"CM8.ssp1","ssp1",32012,"2080s",-9.47875565892762,-12.5062052960861
"CM9.ssp1","ssp1",32012,"2080s",-1.32219202661682,-2.82288590117678
"CM10.ssp1","ssp1",32012,"2080s",4.28315144266706,-0.549152524616257
"CM11.ssp1","ssp1",32012,"2080s",-2.53514962977031,-0.666324241008425
"CM12.ssp1","ssp1",32012,"2080s",-3.60323670126334,-4.45142843591776
"CM1.ssp3","ssp3",32012,"2080s",-9.8056170083536,-16.7895328737839
"CM2.ssp3","ssp3",32012,"2080s",-17.5384262914793,-19.8580278841197
"CM3.ssp3","ssp3",32012,"2080s",-12.9782180219336,-14.2904081213774
"CM4.ssp3","ssp3",32012,"2080s",-11.3209760917222,-22.27397754944
"CM5.ssp3","ssp3",32012,"2080s",-19.1875527518949,-29.7619143710407
"CM6.ssp3","ssp3",32012,"2080s",-15.2446812086176,-13.3785979733718
"CM7.ssp3","ssp3",32012,"2080s",-14.7313195280723,-15.1154015673017
"CM8.ssp3","ssp3",32012,"2080s",-17.7605183370021,-14.0040456968435
"CM9.ssp3","ssp3",32012,"2080s",-11.886854317491,-10.4794714967908
"CM10.ssp3","ssp3",32012,"2080s",-10.6916828624109,-10.433007909339
"CM11.ssp3","ssp3",32012,"2080s",-10.8079821810833,-13.2417004496714
"CM12.ssp3","ssp3",32012,"2080s",-4.49509846269031,-3.98345848928516
"CM1.ssp5","ssp5",32012,"2080s",-18.4363315034576,-25.1264275517248
"CM2.ssp5","ssp5",32012,"2080s",-20.387515393018,-23.9013220295219
"CM3.ssp5","ssp5",32012,"2080s",-8.7321642155624,-15.8452217529689
"CM4.ssp5","ssp5",32012,"2080s",-5.71884359272562,-23.1285654693424
"CM5.ssp5","ssp5",32012,"2080s",-21.4159603410469,-33.3358507648081
"CM6.ssp5","ssp5",32012,"2080s",-17.531845528182,-22.7144853732365
"CM7.ssp5","ssp5",32012,"2080s",-21.1112701794572,-18.420922471026
"CM8.ssp5","ssp5",32012,"2080s",-15.6796943140757,-11.6299747067122
"CM9.ssp5","ssp5",32012,"2080s",-12.6753820436949,-10.7533045271167
"CM10.ssp5","ssp5",32012,"2080s",-13.339479410641,-10.5111218309904
"CM11.ssp5","ssp5",32012,"2080s",-10.1895220971494,-8.84752125956199
"CM12.ssp5","ssp5",32012,"2080s",-10.895276176842,-10.5836167903629
"CM1.ssp1","ssp1",33001,"2080s",-2.08839242350655,-7.676553810239
"CM2.ssp1","ssp1",33001,"2080s",-0.100427534360548,-1.64777035883162
"CM3.ssp1","ssp1",33001,"2080s",-1.35483682179778,-6.3160023501639
"CM4.ssp1","ssp1",33001,"2080s",4.87563828034921,-18.5058574339073
"CM5.ssp1","ssp1",33001,"2080s",-5.43453412638045,-13.2741718237035
"CM6.ssp1","ssp1",33001,"2080s",-7.71373991674799,-7.32322853203123
"CM7.ssp1","ssp1",33001,"2080s",-8.47698744769876,-4.89803153834733
"CM8.ssp1","ssp1",33001,"2080s",-9.3342144391211,-12.5969549678837
"CM9.ssp1","ssp1",33001,"2080s",0.0160129417416287,4.25405081461889
"CM10.ssp1","ssp1",33001,"2080s",3.10982897177004,4.54308910076317
"CM11.ssp1","ssp1",33001,"2080s",2.43701156611442,0.688172526331947
"CM12.ssp1","ssp1",33001,"2080s",-5.08283265334917,-8.47913310026467
"CM1.ssp3","ssp3",33001,"2080s",-9.54597980271643,-17.4344747335571
"CM2.ssp3","ssp3",33001,"2080s",-15.7753210606787,-19.4698754099073
"CM3.ssp3","ssp3",33001,"2080s",-12.0915319563409,-16.5225892967913
"CM4.ssp3","ssp3",33001,"2080s",-8.7300280019766,-28.7671491471614
"CM5.ssp3","ssp3",33001,"2080s",-18.0803936971873,-29.7214598023699
"CM6.ssp3","ssp3",33001,"2080s",-14.1470006756926,-13.331889161164
"CM7.ssp3","ssp3",33001,"2080s",-13.963179916318,-15.2187394525599
"CM8.ssp3","ssp3",33001,"2080s",-16.5752519411862,-13.7239299140296
"CM9.ssp3","ssp3",33001,"2080s",-10.4030744848144,0.928411998904747
"CM10.ssp3","ssp3",33001,"2080s",-7.22274881516587,-5.46429502808308
"CM11.ssp3","ssp3",33001,"2080s",-4.65353756382203,-10.8205515845259
"CM12.ssp3","ssp3",33001,"2080s",-3.88668759528596,-7.35318508163281
"CM1.ssp5","ssp5",33001,"2080s",-17.2393696303864,-25.1220495288332
"CM2.ssp5","ssp5",33001,"2080s",-18.5102292617141,-23.6269160762513
"CM3.ssp5","ssp5",33001,"2080s",-10.6668840425221,-16.1528417088372
"CM4.ssp5","ssp5",33001,"2080s",-5.74040520507329,-27.9989242990383
"CM5.ssp5","ssp5",33001,"2080s",-19.890436466867,-33.0775041020238
"CM6.ssp5","ssp5",33001,"2080s",-16.6472300774961,-22.7028512633032
"CM7.ssp5","ssp5",33001,"2080s",-19.6348117154812,-18.3974472181783
"CM8.ssp5","ssp5",33001,"2080s",-15.0041301833801,-11.0719003380904
"CM9.ssp5","ssp5",33001,"2080s",-8.187540288972,-1.62924266604495
"CM10.ssp5","ssp5",33001,"2080s",-10.6185864413765,-5.56674175489483
"CM11.ssp5","ssp5",33001,"2080s",-5.15702823799103,-8.38355791472104
"CM12.ssp5","ssp5",33001,"2080s",-7.4390659721814,-13.0671575746274
"CM1.ssp1","ssp1",34001,"2080s",2.58943045498756,-5.24522233184973
"CM2.ssp1","ssp1",34001,"2080s",-0.0377159236629636,-2.00266071221461
"CM3.ssp1","ssp1",34001,"2080s",0.637602728882118,-6.62942916524953
"CM4.ssp1","ssp1",34001,"2080s",6.14904185835791,-16.4830173530225
"CM5.ssp1","ssp1",34001,"2080s",-3.69371952968168,-11.9856233771358
"CM6.ssp1","ssp1",34001,"2080s",-7.2581138622236,-9.5487671902651
"CM7.ssp1","ssp1",34001,"2080s",-1.82644331950298,0.371251071273508
"CM8.ssp1","ssp1",34001,"2080s",-8.34410560489575,-12.9811158102702
"CM9.ssp1","ssp1",34001,"2080s",-0.407868690916729,-4.13489027902386
"CM10.ssp1","ssp1",34001,"2080s",4.20673987793423,-0.00735830500704833
"CM11.ssp1","ssp1",34001,"2080s",1.66717903847518,-0.668556588734098
"CM12.ssp1","ssp1",34001,"2080s",-1.20683542508686,-3.99190815836067
"CM1.ssp3","ssp3",34001,"2080s",-8.25462012320328,-13.9930217633688
"CM2.ssp3","ssp3",34001,"2080s",-12.1117233370348,-16.8230940638201
"CM3.ssp3","ssp3",34001,"2080s",-8.75804199830164,-14.7065863347894
"CM4.ssp3","ssp3",34001,"2080s",-6.17385160535243,-24.3665548649616
"CM5.ssp3","ssp3",34001,"2080s",-13.5574992830513,-28.0377629464723
"CM6.ssp3","ssp3",34001,"2080s",-10.2405453753595,-14.8918376834214
"CM7.ssp3","ssp3",34001,"2080s",-7.52932659338582,-9.08870997060255
"CM8.ssp3","ssp3",34001,"2080s",-13.5741088671059,-11.3922649225848
"CM9.ssp3","ssp3",34001,"2080s",-9.23165535523448,-10.6647356918229
"CM10.ssp3","ssp3",34001,"2080s",-7.80103595529777,-9.0928240964725
"CM11.ssp3","ssp3",34001,"2080s",-6.50481781089297,-14.0513783288616
"CM12.ssp3","ssp3",34001,"2080s",-1.65283982131462,-3.18825630185299
"CM1.ssp5","ssp5",34001,"2080s",-12.9082459742786,-18.623325385913
"CM2.ssp5","ssp5",34001,"2080s",-14.5662405644407,-20.1379766043394
"CM3.ssp5","ssp5",34001,"2080s",-6.91863728608644,-14.9600150451176
"CM4.ssp5","ssp5",34001,"2080s",-3.30886516981193,-25.5138787268443
"CM5.ssp5","ssp5",34001,"2080s",-14.6443934614282,-31.5866472942055
"CM6.ssp5","ssp5",34001,"2080s",-13.4101437225324,-22.4305967032161
"CM7.ssp5","ssp5",34001,"2080s",-11.6671547611035,-14.6787357521177
"CM8.ssp5","ssp5",34001,"2080s",-12.6334758587725,-8.99173086011533
"CM9.ssp5","ssp5",34001,"2080s",-9.71928016640904,-9.77464747786229
"CM10.ssp5","ssp5",34001,"2080s",-9.51482113997381,-9.62930757510468
"CM11.ssp5","ssp5",34001,"2080s",-5.99402253101973,-8.83739786869152
"CM12.ssp5","ssp5",34001,"2080s",-7.33815500248174,-9.37875169496433
"CM1.ssp1","ssp1",35002,"2080s",3.07995484722673,-2.6977112131968
"CM2.ssp1","ssp1",35002,"2080s",-0.172980131464893,-0.915960622603155
"CM3.ssp1","ssp1",35002,"2080s",1.00117019893382,-7.23717282622668
"CM4.ssp1","ssp1",35002,"2080s",5.27742114187537,-14.796269556552
"CM5.ssp1","ssp1",35002,"2080s",-5.16435124707023,-12.5432264940847
"CM6.ssp1","ssp1",35002,"2080s",-9.91301562362956,-10.4639214145082
"CM7.ssp1","ssp1",35002,"2080s",-5.20078102532277,-3.34823457657437
"CM8.ssp1","ssp1",35002,"2080s",-11.1670740803651,-13.2799214781299
"CM9.ssp1","ssp1",35002,"2080s",-0.390110501401445,-2.97324131027179
"CM10.ssp1","ssp1",35002,"2080s",3.53892519320862,4.33663245488277
"CM11.ssp1","ssp1",35002,"2080s",-1.81341326339453,-0.890096113143168
"CM12.ssp1","ssp1",35002,"2080s",-3.66911463982787,-7.72224306136137
"CM1.ssp3","ssp3",35002,"2080s",-11.2939330744064,-11.9976974365832
"CM2.ssp3","ssp3",35002,"2080s",-17.082624982795,-19.3365016208555
"CM3.ssp3","ssp3",35002,"2080s",-12.7995288610828,-14.192252878165
"CM4.ssp3","ssp3",35002,"2080s",-10.7446183330401,-22.5330255275747
"CM5.ssp3","ssp3",35002,"2080s",-19.2424053101299,-29.8655627475153
"CM6.ssp3","ssp3",35002,"2080s",-15.5874019471382,-16.1144521254534
"CM7.ssp3","ssp3",35002,"2080s",-11.8152784294731,-11.7717772092564
"CM8.ssp3","ssp3",35002,"2080s",-18.9835089766408,-13.8575517013933
"CM9.ssp3","ssp3",35002,"2080s",-15.7433094434017,-12.6775515306827
"CM10.ssp3","ssp3",35002,"2080s",-7.43741234744725,-5.17984934026281
"CM11.ssp3","ssp3",35002,"2080s",-10.6346946421881,-13.3440016944968
"CM12.ssp3","ssp3",35002,"2080s",-3.0574177143162,-7.31951860749984
"CM1.ssp5","ssp5",35002,"2080s",-18.7785792182448,-19.1025995437984
"CM2.ssp5","ssp5",35002,"2080s",-20.0199392151538,-23.1504767306555
"CM3.ssp5","ssp5",35002,"2080s",-8.46443895462227,-16.039410578782
"CM4.ssp5","ssp5",35002,"2080s",-5.34404863058052,-23.4917666463193
"CM5.ssp5","ssp5",35002,"2080s",-21.5551743853631,-33.8806314326426
"CM6.ssp5","ssp5",35002,"2080s",-19.6143857896282,-24.9364309026052
"CM7.ssp5","ssp5",35002,"2080s",-19.5998002028244,-17.8282193928696
"CM8.ssp5","ssp5",35002,"2080s",-17.6202116581861,-11.3580264442236
"CM9.ssp5","ssp5",35002,"2080s",-18.0760769310829,-15.0452185168102
"CM10.ssp5","ssp5",35002,"2080s",-11.5477575866082,-4.9110063854086
"CM11.ssp5","ssp5",35002,"2080s",-9.92131884600975,-8.80928367736417
"CM12.ssp5","ssp5",35002,"2080s",-7.49719935273931,-12.5719912427777
"CM1.ssp1","ssp1",35005,"2080s",3.70419963277692,-1.88397568451978
"CM2.ssp1","ssp1",35005,"2080s",-2.47420839437712,0.716783124682786
"CM3.ssp1","ssp1",35005,"2080s",2.08297284957251,-7.00114973192669
"CM4.ssp1","ssp1",35005,"2080s",5.27774711191317,-2.08620537629562
"CM5.ssp1","ssp1",35005,"2080s",-3.90584496027576,-11.1871383135134
"CM6.ssp1","ssp1",35005,"2080s",-10.2412009475944,-9.61110676882639
"CM7.ssp1","ssp1",35005,"2080s",-5.8802707172182,-3.30315486505572
"CM8.ssp1","ssp1",35005,"2080s",-7.00593290954639,-12.522050602679
"CM9.ssp1","ssp1",35005,"2080s",0.0576284951374717,-1.30481514440914
"CM10.ssp1","ssp1",35005,"2080s",5.46676331423135,-2.27333109003228
"CM11.ssp1","ssp1",35005,"2080s",-2.22440590248774,-2.80737844431516
"CM12.ssp1","ssp1",35005,"2080s",-3.6302785803317,-5.58842662752732
"CM1.ssp3","ssp3",35005,"2080s",-8.14870358871016,-12.4604266608967
"CM2.ssp3","ssp3",35005,"2080s",-12.53545734895,-14.208901559953
"CM3.ssp3","ssp3",35005,"2080s",-9.26436753379988,-13.5715790440182
"CM4.ssp3","ssp3",35005,"2080s",-8.66988967940022,-9.98314840286288
"CM5.ssp3","ssp3",35005,"2080s",-14.2076270122715,-27.5701338924247
"CM6.ssp3","ssp3",35005,"2080s",-12.5267279202848,-15.8385818939126
"CM7.ssp3","ssp3",35005,"2080s",-11.4898459326725,-13.8407818123983
"CM8.ssp3","ssp3",35005,"2080s",-11.3511745590125,-12.8863313143804
"CM9.ssp3","ssp3",35005,"2080s",-12.8810966230932,-13.3453023714261
"CM10.ssp3","ssp3",35005,"2080s",-7.20510710499328,-11.1669292096835
"CM11.ssp3","ssp3",35005,"2080s",-8.90081795962666,-12.7063097825849
"CM12.ssp3","ssp3",35005,"2080s",-3.69208532149536,-5.61302441293683
"CM1.ssp5","ssp5",35005,"2080s",-11.7675972217805,-18.0608749343995
"CM2.ssp5","ssp5",35005,"2080s",-16.3998527024193,-18.1176245556974
"CM3.ssp5","ssp5",35005,"2080s",-4.5779856148839,-15.7962471246147
"CM4.ssp5","ssp5",35005,"2080s",-4.39303995391739,-12.5467217214046
"CM5.ssp5","ssp5",35005,"2080s",-15.4663165213367,-31.1186106952393
"CM6.ssp5","ssp5",35005,"2080s",-15.5918529309328,-23.1057539945119
"CM7.ssp5","ssp5",35005,"2080s",-14.9844564536392,-17.8008296150519
"CM8.ssp5","ssp5",35005,"2080s",-11.3897412283156,-10.0163071810408
"CM9.ssp5","ssp5",35005,"2080s",-15.2738071311674,-15.0400830645209
"CM10.ssp5","ssp5",35005,"2080s",-10.319077817542,-12.1641565815744
"CM11.ssp5","ssp5",35005,"2080s",-8.07959601473999,-9.00399103007143
"CM12.ssp5","ssp5",35005,"2080s",-9.23647530251418,-12.1433586972165
"CM1.ssp1","ssp1",36015,"2080s",2.76478178218602,-0.90366847170804
"CM2.ssp1","ssp1",36015,"2080s",-0.44391246159356,0.397171524220964
"CM3.ssp1","ssp1",36015,"2080s",1.4412598148451,-6.81066940262617
"CM4.ssp1","ssp1",36015,"2080s",5.09902973928038,-4.32558444499938
"CM5.ssp1","ssp1",36015,"2080s",-3.6248326096906,-11.1855700341638
"CM6.ssp1","ssp1",36015,"2080s",-8.38644942424388,-8.1978524208236
"CM7.ssp1","ssp1",36015,"2080s",-4.39074331633442,-2.39474641798106
"CM8.ssp1","ssp1",36015,"2080s",-5.79606405924907,-11.5466152587657
"CM9.ssp1","ssp1",36015,"2080s",0.132489125137013,-2.98022336398733
"CM10.ssp1","ssp1",36015,"2080s",1.68163170524034,2.1880417837449
"CM11.ssp1","ssp1",36015,"2080s",-1.20906934716046,-2.6703314742267
"CM12.ssp1","ssp1",36015,"2080s",-4.19742610663274,-7.87094183746883
"CM1.ssp3","ssp3",36015,"2080s",-6.47413988397174,-10.4611228044725
"CM2.ssp3","ssp3",36015,"2080s",-8.81510244858722,-11.5473327177198
"CM3.ssp3","ssp3",36015,"2080s",-7.67150503647693,-12.1235204537573
"CM4.ssp3","ssp3",36015,"2080s",-5.96704270847247,-11.2473869960882
"CM5.ssp3","ssp3",36015,"2080s",-10.7587472787724,-25.8765615941014
"CM6.ssp3","ssp3",36015,"2080s",-9.78833197954992,-14.2267158592892
"CM7.ssp3","ssp3",36015,"2080s",-9.018119301499,-10.4624586758375
"CM8.ssp3","ssp3",36015,"2080s",-8.62871976941723,-11.2728459182993
"CM9.ssp3","ssp3",36015,"2080s",-10.5956976502058,-12.2274215408472
"CM10.ssp3","ssp3",36015,"2080s",-3.56838764610264,-6.53331868474772
"CM11.ssp3","ssp3",36015,"2080s",-6.84158079000896,-11.1790439163862
"CM12.ssp3","ssp3",36015,"2080s",-1.92454102112634,-5.03806878732705
"CM1.ssp5","ssp5",36015,"2080s",-9.00548622533906,-14.4192816205742
"CM2.ssp5","ssp5",36015,"2080s",-12.3258751013176,-14.2512477917284
"CM3.ssp5","ssp5",36015,"2080s",-3.82586750172682,-14.3479213027087
"CM4.ssp5","ssp5",36015,"2080s",-2.81460612757897,-13.1182717336966
"CM5.ssp5","ssp5",36015,"2080s",-11.7244652590948,-29.1814112177902
"CM6.ssp5","ssp5",36015,"2080s",-12.1515600363133,-21.2586665046084
"CM7.ssp5","ssp5",36015,"2080s",-11.5921032297945,-14.1363763624014
"CM8.ssp5","ssp5",36015,"2080s",-8.59245261409837,-8.76062697340937
"CM9.ssp5","ssp5",36015,"2080s",-12.411645313569,-13.3351381846338
"CM10.ssp5","ssp5",36015,"2080s",-7.0245375029027,-7.24456006421226
"CM11.ssp5","ssp5",36015,"2080s",-6.10035927045659,-7.15036195605167
"CM12.ssp5","ssp5",36015,"2080s",-4.12105784188942,-12.640790911655
"CM1.ssp1","ssp1",36019,"2080s",10.8948636720548,-0.302620059617276
"CM2.ssp1","ssp1",36019,"2080s",7.48855629275318,7.57160093557584
"CM3.ssp1","ssp1",36019,"2080s",6.1749004721449,-9.76745767196234
"CM4.ssp1","ssp1",36019,"2080s",34.3100445930672,-0.704659289153038
"CM5.ssp1","ssp1",36019,"2080s",-10.7937396932076,-24.1193651190934
"CM6.ssp1","ssp1",36019,"2080s",-36.3529108137006,-22.5584218792184
"CM7.ssp1","ssp1",36019,"2080s",-16.9408536339301,-2.84005996613453
"CM8.ssp1","ssp1",36019,"2080s",-23.3822515968198,-21.8427306691226
"CM9.ssp1","ssp1",36019,"2080s",2.7979332031196,-0.774857357982104
"CM10.ssp1","ssp1",36019,"2080s",13.7069942357907,-6.27037504623368
"CM11.ssp1","ssp1",36019,"2080s",-0.772662738819061,-7.42512628267417
"CM12.ssp1","ssp1",36019,"2080s",-9.83614554299393,-8.24280522489161
"CM1.ssp3","ssp3",36019,"2080s",-27.4152293793265,-31.1895327476601
"CM2.ssp3","ssp3",36019,"2080s",-19.0659877590907,-25.4327342060464
"CM3.ssp3","ssp3",36019,"2080s",-21.1703096704421,-24.9867460877738
"CM4.ssp3","ssp3",36019,"2080s",-11.1212747731452,-19.4215880373667
"CM5.ssp3","ssp3",36019,"2080s",-37.6652111833667,-53.4143882595734
"CM6.ssp3","ssp3",36019,"2080s",-36.7185291695855,-36.8655632102238
"CM7.ssp3","ssp3",36019,"2080s",-35.8913654645485,-35.8915324737225
"CM8.ssp3","ssp3",36019,"2080s",-31.5360149730279,-26.8165018260977
"CM9.ssp3","ssp3",36019,"2080s",-37.590130119841,-30.8364574515624
"CM10.ssp3","ssp3",36019,"2080s",-22.3135664197855,-23.7187571729483
"CM11.ssp3","ssp3",36019,"2080s",-20.0449295533905,-29.8281680936742
"CM12.ssp3","ssp3",36019,"2080s",-5.22448814818304,-14.0909240190458
"CM1.ssp5","ssp5",36019,"2080s",-32.8715963140462,-39.979707069812
"CM2.ssp5","ssp5",36019,"2080s",-35.793397077047,-35.9720181905518
"CM3.ssp5","ssp5",36019,"2080s",-10.9086884097681,-25.4640491655219
"CM4.ssp5","ssp5",36019,"2080s",0.904420130798839,-20.2165177010073
"CM5.ssp5","ssp5",36019,"2080s",-40.1461014827952,-56.0746639223871
"CM6.ssp5","ssp5",36019,"2080s",-46.0574666027603,-47.454448667709
"CM7.ssp5","ssp5",36019,"2080s",-41.8914192706582,-41.7490919886995
"CM8.ssp5","ssp5",36019,"2080s",-30.2915516170161,-19.480737368965
"CM9.ssp5","ssp5",36019,"2080s",-39.5730651484298,-32.4624063168433
"CM10.ssp5","ssp5",36019,"2080s",-25.836832623622,-33.6066610612211
"CM11.ssp5","ssp5",36019,"2080s",-20.3484133379379,-26.2991895207005
"CM12.ssp5","ssp5",36019,"2080s",-20.7160411175274,-19.5629222562036
"CM1.ssp1","ssp1",38001,"2080s",0.819461180822632,-0.948005200591885
"CM2.ssp1","ssp1",38001,"2080s",-1.14874705554541,-2.18060329721834
"CM3.ssp1","ssp1",38001,"2080s",-0.60222555486082,-6.60628835258247
"CM4.ssp1","ssp1",38001,"2080s",-1.33072589281556,-4.49412586618188
"CM5.ssp1","ssp1",38001,"2080s",-6.17259241256725,-13.1854538900903
"CM6.ssp1","ssp1",38001,"2080s",-12.9429192650467,-7.51965514597735
"CM7.ssp1","ssp1",38001,"2080s",-8.50101974642619,-4.4887816490213
"CM8.ssp1","ssp1",38001,"2080s",-12.1546235076253,-9.40942907658681
"CM9.ssp1","ssp1",38001,"2080s",0.0990621090742141,-1.55353304138683
"CM10.ssp1","ssp1",38001,"2080s",2.36113242289396,0.991795773269468
"CM11.ssp1","ssp1",38001,"2080s",-3.57806778706224,-1.89049742400542
"CM12.ssp1","ssp1",38001,"2080s",-9.45794541223684,-9.50181668584066
"CM1.ssp3","ssp3",38001,"2080s",-13.5243565413783,-11.2749018051431
"CM2.ssp3","ssp3",38001,"2080s",-19.7015994773776,-19.4893082042453
"CM3.ssp3","ssp3",38001,"2080s",-17.7738809934606,-12.7545059424674
"CM4.ssp3","ssp3",38001,"2080s",-18.6422684732505,-11.8399852608926
"CM5.ssp3","ssp3",38001,"2080s",-23.1201780344727,-29.906374047929
"CM6.ssp3","ssp3",38001,"2080s",-15.6676940721095,-13.1168020588332
"CM7.ssp3","ssp3",38001,"2080s",-14.9534884267363,-12.0160626310744
"CM8.ssp3","ssp3",38001,"2080s",-18.3535852737759,-11.8953395675382
"CM9.ssp3","ssp3",38001,"2080s",-12.5653064106185,-7.01130791416162
"CM10.ssp3","ssp3",38001,"2080s",-6.76308117231856,-7.32688453213502
"CM11.ssp3","ssp3",38001,"2080s",-14.4915970331424,-12.7469160770166
"CM12.ssp3","ssp3",38001,"2080s",-9.07961875633951,-7.56326019813345
"CM1.ssp5","ssp5",38001,"2080s",-23.1876005685959,-18.7456123689194
"CM2.ssp5","ssp5",38001,"2080s",-21.0887029739368,-21.5200229540158
"CM3.ssp5","ssp5",38001,"2080s",-9.11142348068506,-13.8948711153309
"CM4.ssp5","ssp5",38001,"2080s",-10.7212366717884,-11.8942519489318
"CM5.ssp5","ssp5",38001,"2080s",-27.1030798629478,-33.3645782531441
"CM6.ssp5","ssp5",38001,"2080s",-19.1455809619382,-23.8657850614808
"CM7.ssp5","ssp5",38001,"2080s",-25.9212962527843,-18.5197164601529
"CM8.ssp5","ssp5",38001,"2080s",-17.6589694687296,-9.90389449791102
"CM9.ssp5","ssp5",38001,"2080s",-12.6059022874894,-12.2338628610384
"CM10.ssp5","ssp5",38001,"2080s",-12.8049716127052,-10.5440319797219
"CM11.ssp5","ssp5",38001,"2080s",-13.6738334428692,-9.5349203383624
"CM12.ssp5","ssp5",38001,"2080s",-14.0597411379412,-14.4652105218673
"CM1.ssp1","ssp1",39009,"2080s",-0.136597989510613,-7.48839988806474
"CM2.ssp1","ssp1",39009,"2080s",-2.56300488205368,-2.38411897539294
"CM3.ssp1","ssp1",39009,"2080s",2.58703309273971,-7.53103027925499
"CM4.ssp1","ssp1",39009,"2080s",10.7239377033659,-13.9636193249556
"CM5.ssp1","ssp1",39009,"2080s",-5.21067322188652,-12.6748697935866
"CM6.ssp1","ssp1",39009,"2080s",-12.1580129507061,-9.72440077157891
"CM7.ssp1","ssp1",39009,"2080s",-11.2299733445049,-5.57043880602245
"CM8.ssp1","ssp1",39009,"2080s",-10.8783926324136,-9.70487508973391
"CM9.ssp1","ssp1",39009,"2080s",4.6295981994613,0.797699160406908
"CM10.ssp1","ssp1",39009,"2080s",2.18639545961713,2.63542315709944
"CM11.ssp1","ssp1",39009,"2080s",5.79525412123602,1.02969740567073
"CM12.ssp1","ssp1",39009,"2080s",-7.08832776365647,-8.96348386739004
"CM1.ssp3","ssp3",39009,"2080s",-5.51589120606365,-17.7764392258983
"CM2.ssp3","ssp3",39009,"2080s",-16.1958099371051,-19.9622272929505
"CM3.ssp3","ssp3",39009,"2080s",-12.1209193773701,-15.3653332705358
"CM4.ssp3","ssp3",39009,"2080s",-6.97571294171225,-22.8314551186485
"CM5.ssp3","ssp3",39009,"2080s",-18.854330017377,-29.3650237267843
"CM6.ssp3","ssp3",39009,"2080s",-15.3287854531552,-16.226289284218
"CM7.ssp3","ssp3",39009,"2080s",-16.6602007054044,-17.439536287862
"CM8.ssp3","ssp3",39009,"2080s",-16.4541308095761,-11.0930036820954
"CM9.ssp3","ssp3",39009,"2080s",-7.91100616167952,-8.21801950846265
"CM10.ssp3","ssp3",39009,"2080s",-7.12748915559327,-6.72689378115685
"CM11.ssp3","ssp3",39009,"2080s",-5.08609279620476,-7.74717065963343
"CM12.ssp3","ssp3",39009,"2080s",-5.19363408154809,-6.82466615012229
"CM1.ssp5","ssp5",39009,"2080s",-16.9833767452271,-25.2329663512301
"CM2.ssp5","ssp5",39009,"2080s",-18.5051826005366,-21.5353904259866
"CM3.ssp5","ssp5",39009,"2080s",-7.36179667769195,-15.4908832562275
"CM4.ssp5","ssp5",39009,"2080s",-0.665751832165818,-21.9309078208865
"CM5.ssp5","ssp5",39009,"2080s",-20.9692360787353,-33.3767250769022
"CM6.ssp5","ssp5",39009,"2080s",-18.371723495257,-25.537159532762
"CM7.ssp5","ssp5",39009,"2080s",-21.979095063473,-23.8527802233839
"CM8.ssp5","ssp5",39009,"2080s",-15.40951646577,-9.36981769375522
"CM9.ssp5","ssp5",39009,"2080s",-9.02320776297827,-11.0793401231427
"CM10.ssp5","ssp5",39009,"2080s",-11.0868866097055,-9.28762424815556
"CM11.ssp5","ssp5",39009,"2080s",-3.82977682815369,-6.45868434572905
"CM12.ssp5","ssp5",39009,"2080s",-10.3541511654746,-14.5528584021858
